Workbook

Sheet Identificación del Instrumento
A1: IDENTIFICACIÓN DEL INSTRUMENTO VERIFICADO | S1: Buenos Aires
D2: dia (n°) | E2: mes (texto) | F2: año (n°) | I2: Fecha verificación: | J2: =CONCATENATE(D3, " de ",E3, " de ",F3) | S2: Catamarca
C3: Fecha: | D3: 20 | E3: octubre | F3: 2025 | I3: Fecha vencimiento: | J3: =CONCATENATE(D3, " de ",E3, " de ",F3+2)
A4: Número de O.T.: | B4: 307-62136 | C4: 91997 | D4: Santa Rosa de Conlara | S4: Chaco
A5: =IF(ISBLANK(B17),"",VLOOKUP('Identificación del Instrumento'!$B$17,$L$28:$Q$31,6,FALSE)) | B5: 91997 | C5: Provincia: | D5: San Luis | S5: Chubut
S6: Ciudad Autónoma de Buenos Aires
A7: En el día de la fecha constituido el técnico autorizado que firma al pie de la presente, en la razón social que mas abajo se cita, procede a efectuar el control del instrumento de medición cuyas características se detallan, obteniéndose los resultados que corren agregados en planilla adjunta a la presente. | S7: Córdoba
L8: VERIFICACION PRIMITIVA | M8: 2 | S8: Corrientes
L9: VERIFICACIÓN PERIÓDICA | M9: 1 | S9: Entre Ríos
L10: APROBACIÓN DE MODELO DE EFECTO LIMITADO | S10: Formosa
L11: PRIMITIVA DE ÚNICA UNIDAD | S11: Jujuy
B12: Ente de control de rutas provinciales | L12: PRIMITIVA DE ÚNICA UNIDAD | S12: La Pampa
B13: Autopista de las serranías puntanas Km 783. San luis | L13: PRIMITIVA DE ÚNICA UNIDAD | S13: La Rioja
A14: Razón social (Propietario): | C14: Ente Control de Rutas Provinciales | L14: PRIMITIVA DE INSTRUMENTO REPARADO A NUEVO | S14: Mendoza
A15: Domicilio (Fiscal): | B15: LAVALLE Y ARISTÓBULO DEL VALLE - ESQUINA, | S15: Misiones
A16: =CONCATENATE(IF(F16="Ciudad Autónoma de Buenos Aires","","Localidad: ")) | B16: San Luis | E16: =CONCATENATE(IF(F16="Ciudad Autónoma de Buenos Aires"," Localidad: "," Provincia: ")) | F16: San Luis | S16: Neuquén
A17: Tipo de Verificación: | B17: VERIFICACIÓN PERIÓDICA | E17: Tolerancia: | F17: VERIFICACIÓN PERIÓDICA | S17: Río Negro
A18: Lugar propio de instalación del instrumento (*): | C18: Zona de pesaje | S18: Salta
A19: Domicilio (*): | B19: Ruta 55 km 921 | I19: =AND(ISBLANK(F20),ISBLANK(B19)) | S19: San Juan
A20: =CONCATENATE(IF(F20="Ciudad Autónoma de Buenos Aires","","Localidad (*): ")) | B20: Ruta 55 km 921 | E20: =CONCATENATE(IF(F20="Ciudad Autónoma de Buenos Aires"," Localidad: (*) "," Provincia (*): ")) | F20: =D5 | S20: San Luis
A21: Santa Rosa de Conlara | F21: San Luis | S21: Santa Cruz
A22: Instrumento verificado: | B22: Balanza para pesar camiones | J22: =IF(ISBLANK(B22),"",VLOOKUP(B22,$K$40:$O$51,5,FALSE)) | S22: Santa Fe
A23: Fabricante receptor: | B23: Balanza para pesar camiones | C23: Indicador: | D23: INDUSTRIAL SYSTEMS S.A. | E23: Tipo: | F23: electrónica | S23: Santiago del Estero
A24: Marca: Receptor: | B24: BIANCHETTI | E24: Indicador: | F24: BIANCHETTI | S24: Tierra de Fuego, Antártida e Islas del Atlántico Sur
A25: Modelo: Receptor: | B25: BASCULAS MAGNINO SRL | E25: Indicador: | F25: PB 10.000 | S25: Tucumán
A26: Nº serie: Receptor: | B26: 23032015172 | E26: Indicador: | F26: 23032015173
A27: Cód. ap. mod. Receptor: | B27: BASCULAS MAGNINO | E27: Indicador: | F27: SIPEL
A28: Origen Receptor | B28: MGF-3580G | E28: Indicador: | F28: ORION SPL 1A ALL | K28: III | L28: VERIFICACION PRIMITIVA | M28: electrónica | N28: 10 | O28: SI | P28: AUTOVERIFICACIÓN | Q28: VPR Nº:
A29: 1396 | D29: 80000 | E29: kg mín= | F29: 45319 | G29: kg | K29: IIII | L29: VERIFICACIÓN PERIÓDICA | M29: mecánica | N29: 20 | O29: NO | P29: VERIFICACIÓN PERIÓDICA | Q29: VPE Nº:
A30: e= | B30: BF.30-2147 | C30: =IF($F$23="Mecánica","kg d=dt=","kg dd=dt=") | D30: =IF(B30<>0,B30,"") | E30: kg clase= | F30: III | I30: =IF($F$23="Mecánica","d=dt=","dd=dt=") | L30: APROBACIÓN DE MODELO DE EFECTO LIMITADO | M30: híbrida | N30: 0.1 | P30: DECLARACIÓN DE CONFORMIDAD
A31: N° de Aprobación de Modelo: | B31: Argentina | E31: Indicador: | F31: Argentina | L31: PRIMITIVA DE INSTRUMENTO REPARADO A NUEVO | N31: 1 | P31: VERIFICACIÓN PRIMITIVA APROBACIÓN MODELO ÚNICO | Q31: VPR Nº:
A32: Fecha de Aprobación de Modelo: | B32: 8 de abril de 2010 | E32: Indicador: | F32: 20 de mayo de 1999
A33: Identidad del solicitante: (Razón social que solicita la OT y VPE) | B33: Acarayé S.A. | I33: Balancero 0 | J33: 123
A34: CUIT del solicitante: (Razón social que solicita la OT y VPE) | B34: =VLOOKUP($B$33,$I$33:$J$58,2,FALSE) | C34: MGF-3580G | H34: 20 | I34: Balancero 1 | J34: 456
A35: Situación legal del instrumento: | D35: 80000 | I35: EP Martinelli S.A.S. | J35: 3-071679479-9 | N35: 2 | P35: DECLARACIÓN CONFORMIDAD - AUTOVERIFICACIÓN
A36: Posee declaración de conformidad / certificado de autoverificación: | F36: NO | I36: Acarayé S.A. | J36: 30-70790202-3 | N36: 0.5 | P36: DECL. DE CONFORMIDAD / VER. PERIÓDICA
A37: 1000 | F37: III | I37: Básculas Guitart | J37: 34-50083873-3 | P37: VERIF. PRIM. INSTRUM. REPARADO A NUEVO
A38: Posee certificado de verificación periódica: | F38: NO | I38: Básculas Latorre S.A | J38: 30-50083873-2 | K38: III | L38: 50 | P38: VER. PRIM. AP. MOD. ÚNICO / VER. PERIÓDICA
A39: Se adjunta copia de alguno de los certificados: | F39: SI | I39: Básculas Casado S.R.L.. | J39: 30-71107332-5 | K39: IIII | L39: 10 | P39: VERIFICACIÓN PRIMITIVA
A40: De cual (número/s): | F40: BF.60-2219 | I40: S.P.I S.R.L.. | J40: 30-71487341-1 | K40: Balanza para pesar camiones | O40: 1
F41: 293/2013 | I41: Laureano Reinaldy | J41: 4 | K41: Balanza para pesar vagones | O41: 1
A42: Observaciones: | F42: 05/11/2013 | I42: Moretti Servicios S.R.L.. | J42: 30-71193913-6 | K42: Balanza para pesar vehículos por ejes (Receptor único) | O42: 2
A43: La validez del Certificado de Verificación Periódica es de un año a partir de la fecha arriba indicada. | I43: Básculas GaMa S.R.L.. | J43: 30-68050265-6 | K43: Balanza para pesar vehículos por ejes (Dos receptores de carga) | O43: 2
I44: Fulcrum S.R.L. | J44: 30-67500945-3 | K44: Balanza para pesar vehículos por ejes o conjunto de ejes (Receptor único) | O44: 2
I45: Fernandez Omar Alcides | J45: 8 | K45: Balanza para pesar vehículos por ejes o conjunto de ejes (Dos receptores de carga) | O45: 2
I46: El Balancero S.R.L.. | J46: 30-59997436-5 | K46: Balanza portátil para pesar vehículos por ejes (Receptor único) | O46: 2
K47: Balanza portátil para pesar vehículos por ejes (Dos receptores de carga) | O47: 2
I48: Latorre Pesaje S.R.L. | J48: 30-70780171-5 | K48: Balanza para pesar camiones y vagones | O48: 1
A49: Descripción del instrumental de control empleado durante la verificación: | I49: Básculas Magnino S.R.L. | J49: 30-70901540-7 | K49: Balanza de plataforma | O49: 1
I50: Raul Raimonda y Cia S.R.L. | J50: 30-6739971-8 | K50: Balanza tipo tolva | O50: 1
I51: Pagano y Kopaitich S.R.L.. | J51: 30-67398951-5 | K51: Balanza de carga directamente suspendida (de gancho) | O51: 1
I52: Cardinal Scales S.A.S. | J52: 30-71630188-1
I53: Sahilices Hnos S.R.L. | J53: 30-68552297-3
I54: Balancero 7 | J54: 30-68552297-4
I55: Balancero 1 | J55: 30-68552297-5 | K55: =IF(OR('Identificación del Instrumento'!B22='Identificación del Instrumento'!K42,'Identificación del Instrumento'!B22='Identificación del Instrumento'!K44,'Identificación del Instrumento'!B22='Identificación del Instrumento'!K46),1,0)
I56: Balancero 2 | J56: 30-68552297-6 | K56: =IF(OR('Identificación del Instrumento'!B22='Identificación del Instrumento'!K43,'Identificación del Instrumento'!B22='Identificación del Instrumento'!K45,'Identificación del Instrumento'!B22='Identificación del Instrumento'!K47),1,0)
A58: -------------------------------------------------------- | E58: -------------------------------------------------------
A60: ='Acta Verificación '!K19 | E60: =IF(ISBLANK('Datos de Ensayos'!E4),"",'Datos de Ensayos'!E4) | I60: por ejes unico receptor - 1=si - 0=no
A61: =IF(ISBLANK(C14)," ",(C14)) | E61: Programa de Metrología Legal - INTI | I61: por ejes dos receptores - 1=si - 0=no
E70: Perito Oscar Alfredo GUILLÉN Programa de Metrología Legal I.N.T.I. oguillen@inti.gob.ar - TE 011-1533107309

Sheet Datos de Ensayos
D1: METROLOGÍA LEGAL. VERIFICACIÓN DE BALANZAS
D2: Atencion: Llenar sólo las celdas grises. Para borrar el contenido de una celda usar la tecla "delete" o "supr", nunca la barra espaciadora. | AC2: VERIFICADOR | AD2: Documento | AE2: Carnet | AF2: Resolución N° | AG2: Datos de contacto
D3: Realizó | E3: Tco. Pablo Javier Siklosi A. | AB3: JO | AC3: Téc. Grottola Ruben | AD3: D.N.I. N° 29.332.227 | AE3: 145 | AF3: 346/09 | AG3: grottola@inti.gob.ar 1133556773
D4: Carga de datos | E4: Tco. Pablo Javier Siklosi A. | M4: Coloque sus datos en columnas AC hasta AF | AB4: GUIL | AC4: P.E. Oscar Alfredo GUILLÉN | AD4: D.N.I. N° 13.684.023 | AE4: 52 | AF4: 493/04 | AG4: oguillen@inti.gob.ar - TE 011-1533107309
AB5: AV | AC5: Tco. Juan Carlos Avagnina | AD5: D.N.I. N° 24.988.160 | AE5: 42 | AF5: 283/04 | AG5: avagnina@inti.gob.ar - TE 011-1566509752
D6: Informe Número: | E6: =IF(ISBLANK('Identificación del Instrumento'!B4),"",'Identificación del Instrumento'!B4) | I6: Fecha de verificación: | K6: ='Identificación del Instrumento'!J2 | AB6: SA | AC6: Tco. Cristian David SAKS | AD6: D.N.I. N° 31.134.998 | AE6: 212 | AF6: 493/04 | AG6: saks@inti.gob.ar - TE 011-1557294873
D7: Razón Social: | E7: =IF(ISBLANK('Identificación del Instrumento'!C14),"",'Identificación del Instrumento'!C14) | AB7: PA | AC7: Tco. Marcelo Alejandro PAGOT | AD7: D.N.I. N° 27.188.890 | AE7: 138 | AF7: 493/04 | AG7: mpagot@inti.gob.ar - TE 011-1557281013
D8: Lugar de instalación: | E8: =IF(ISBLANK('Identificación del Instrumento'!B15),"",+'Identificación del Instrumento'!B15) | AB8: BA | AC8: Tco. Marcelo Eduardo BAULIES | AD8: D.N.I. N° 25.921.560 | AE8: 59 | AF8: 268/05 | AG8: mbaulies@inti.gob.ar - TE 0351-158141793
D9: Localidad: | E9: =IF(ISBLANK('Identificación del Instrumento'!B16),"",'Identificación del Instrumento'!B16) | H9: Provincia: | I9: =IF(ISBLANK('Identificación del Instrumento'!F16),"",'Identificación del Instrumento'!F16) | AB9: LA | AC9: Ing. Enrique Daniel LAFON | AD9: D.N.I. N° 25.884.809 | AE9: 54 | AF9: 493/04 | AG9: elafon@inti.gob.ar - TE 011-1557272544
D10: Ubicación instrumento: | E10: =IF(ISBLANK('Identificación del Instrumento'!C18),"",CONCATENATE(+'Identificación del Instrumento'!C18,", ",'Identificación del Instrumento'!B19,", ",'Identificación del Instrumento'!B20,", ",'Identificación del Instrumento'!F20,"")) | AB10: FI | AC10: José Gabriel Figueroa | AD10: D.N.I. N° 24.982.875 | AE10: 56 | AF10: 493/04 | AG10: jfiguero@inti.gob.ar
D11: Fabricante: | E11: =IF(ISBLANK('Identificación del Instrumento'!B24),"",'Identificación del Instrumento'!B24) | H11: Indicador: | I11: =IF(ISBLANK('Identificación del Instrumento'!F24),"",'Identificación del Instrumento'!F24) | AB11: DE | AC11: Tco. Gabriel Hernán DENOT | AD11: D.N.I. N° 28.878.910 | AE11: 51 | AF11: 493/04 | AG11: gdenot@inti.gob.ar - TE 011-1557284370
D12: Modelo: | E12: =IF(ISBLANK('Identificación del Instrumento'!B25),"",'Identificación del Instrumento'!B25) | H12: Indicador: | I12: =IF(ISBLANK('Identificación del Instrumento'!F25),"",'Identificación del Instrumento'!F25) | AB12: CO | AC12: Tco. Pablo Daniel CORNET | AD12: D.N.I. N° 29.551.535 | AE12: 122 | AF12: 493/06 | AG12: pcornet@inti.gob.ar - TE 011-1557279865
D13: Nº de serie: | E13: =IF(ISBLANK('Identificación del Instrumento'!B26),"",'Identificación del Instrumento'!B26) | H13: Indicador: | I13: =IF(ISBLANK('Identificación del Instrumento'!F26),"",'Identificación del Instrumento'!F26) | AB13: RO | AC13: Ing. Mariela ROVERI | AD13: D.N.I. N° 25.381.092 | AE13: 160 | AF13: 493/04 | AG13: maroveri@inti.gob.ar - TE 011-1560378645
D14: Código de aprobación: | E14: =IF(ISBLANK('Identificación del Instrumento'!B27),"",'Identificación del Instrumento'!B27) | H14: Indicador: | I14: =IF(ISBLANK('Identificación del Instrumento'!F27),"",'Identificación del Instrumento'!F27) | L14: =VLOOKUP(I15,AE56:AF57,2,0) | M14: =L14 | AB14: RO | AC14: Tco. German Victor ALEKNAVISIUS | AD14: D.N.I. N° 22.205.335 | AE14: 97 | AF14: 493/04 | AG14: agerman@inti.gob.ar TE: 0341 152 132372
D15: Tipo de Verificación: | E15: =IF(ISBLANK('Identificación del Instrumento'!B17)," ",'Identificación del Instrumento'!B17) | H15: Tolerancia: | I15: =IF(ISBLANK('Identificación del Instrumento'!F17),"",'Identificación del Instrumento'!F17) | AB15: RO | AC15: Tco. Leonardo Leonel PIEDRABUENA | AD15: D.N.I. N° 31.339.312 | AE15: 280 | AF15: 493/04 | AG15: lpiedrabuena@inti.gob.ar TE: 0341 153695196
D16: Instrumento Verificado: | E16: =IF(ISBLANK('Identificación del Instrumento'!B22),"",'Identificación del Instrumento'!B22) | AB16: RO | AC16: Tco. Gonzalo Ignacio Arroyo | AD16: D.N.I. N° 35.051.221 | AE16: 240 | AF16: 493/04 | AG16: garroyo@inti.gob.ar TE: 0341 152297176
D17: Tipo de balanza: | E17: =IF(ISBLANK('Identificación del Instrumento'!F23),"",'Identificación del Instrumento'!F23) | I17: Clase: | J17: =IF(ISBLANK('Identificación del Instrumento'!F30),"",'Identificación del Instrumento'!F30) | AB17: RO | AC17: Tco. Damián Alberto QUEVEDO | AD17: D.N.I. N° 30.612.654 | AE17: 227 | AF17: 493/04 | AG17: dquevedo@inti.gob.ar - TE: 0341 155 967156
D18: Min Div (kg, e)= | E18: =IF(ISNUMBER('Identificación del Instrumento'!D30),'Identificación del Instrumento'!B30,"") | F18: d (kg)= | G18: =IF(ISBLANK('Identificación del Instrumento'!D30),"",'Identificación del Instrumento'!D30) | H18: Cap.Max (kg)= | I18: =IF(ISBLANK('Identificación del Instrumento'!D29),"",'Identificación del Instrumento'!D29) | AB18: RO | AC18: Tco. Ivan Alejandro PIASCIK | AD18: D.N.I. N° 31.182.999 | AE18: 233 | AF18: 493/04 | AG18: piascik@inti.gob.ar TE: 0342 154 731405
D19: Patrones (fabricante y modelo) | AB19: RO | AC19: Ing. Gastón Alexix ZANUTTI | AD19: D.N.I. N° 22.280.226 | AE19: 232 | AF19: 493/04 | AG19: gzanutti@inti.gob.ar TE: 0342 155 494338
D20: =IF(ISBLANK('Identificación del Instrumento'!A50),"",'Identificación del Instrumento'!A50) | AC20: Anl. Javier Leonardo Araujo | AD20: D.N.I. N° 21.618.342 | AE20: 430 | AF20: 364/15 | AG20: jaraujo@inti.gob.ar TE: 0379-154207685
AC21: Tco. Pablo Javier Siklosi A. | AD21: D.N.I. N° 24.705.518 | AE21: 96 | AF21: 519/05 | AG21: psiklosi@inti.gob.ar 2615774172
D22: Observaciones en general sobre la verificación, para incluir en el informe: | AC22: Otro Técnico | AD22: D.U. 49123456 | AE22: 007 | AF22: 20/25 | AG22: quednosayde@inti.gob.ar
H35: N° de apoyos: | K35: 10 | P35: 7 8 9 10 11 12
F36: indicador | P36: 6 5 4 3 2 1
K37: Escriba INDICADOR en la ubicación correspondiente
E38: =IF('Identificación del Instrumento'!B22="Balanza de plataforma","1",(IF(K35=12,CONCATENATE(P35,"",),IF(K35=10,CONCATENATE(P38,"",),IF(K35=8,CONCATENATE(P41,"",),IF(K35=6,CONCATENATE(P44,"",),IF(K35=4,CONCATENATE(P47,"",),""))))))) | P38: 6 7 8 9 10
D39: Egreso | E39: =IF('Identificación del Instrumento'!B22="Balanza de plataforma","3","") | F39: Receptor de Carga | I39: =IF('Identificación del Instrumento'!B22="Balanza de plataforma","4","") | J39: Ingreso | P39: 5 4 3 2 1
E41: =IF('Identificación del Instrumento'!B22="Balanza de plataforma","2",(IF(K35=12,CONCATENATE(P36,"",),IF(K35=10,CONCATENATE(P39,"",),IF(K35=8,CONCATENATE(P42,"",),IF(K35=6,CONCATENATE(P45,"",),IF(K35=4,CONCATENATE(P48,"",),""))))))) | P41: 5 6 7 8
P42: 4 3 2 1
P44: 4 5 6
P45: 3 2 1
D46: Clase de Instrumento | F46: Escalones
D47: I | E47: =IF(D47=J$17,"<====","") | F47: Hasta | H47: Error Máximo Tolerado | P47: 3 4
D48: II | E48: =IF(D48=J$17,"<====","") | F48: =IF(ISNUMBER(E51),IF(J17=D50,10*E51,IF(J17=D49,50*E51,IF(J17=D48,50*E51,IF(J17=D47,50*E51,"")))),"") | G48: kg | I48: ----------- | P48: 2 1
D49: III | E49: =IF(D49=J$17,"<====","") | F49: =IF(ISNUMBER(E51),MIN(IF(J17=D50,50*E51,IF(J17=D49,500*E51,IF(J17=D48,5000*E51,IF(J17=D47,50000*E51,"")))),I18),"") | G49: kg | H49: e = | I49: =IF(AND(ISNUMBER($E$51),ISNUMBER($L$14)),$E$51/$L$14,"") | J49: kg
D50: IIII | E50: =IF(D50=J$17,"<====","") | F50: =IF(ISNUMBER(E51),MIN(IF(J17=D50,200*E51,IF(J17=D49,2000*E51,IF(J17=D48,20000*E51,IF(J17=D47,200000*E51,"")))),I18),"") | G50: kg | H50: 2 e = | I50: =IF(AND(ISNUMBER(E51),ISNUMBER($L$14)),2*$E$51/$L$14,"") | J50: kg
D51: e = | E51: =E18 | F51: =IF(ISNUMBER(I18),I18,"") | G51: kg | H51: 3 e = | I51: =IF(AND(ISNUMBER(E51),ISNUMBER($L$14)),3*$E$51/$L$14,"") | J51: kg
H52: p
D54: 1 - VERIFICACIÓN DE LA INDICACIÓN DEL "CERO" DEL INSTRUMENTO (A.3.2.2. de la Resolución).
D55: El instrumento parte de cero: | F55: SI
D56: Efecto máximo del dispositivo | G56: NO SUPERA | H56: el 4% | AE56: VERIFICACIÓN PERIÓDICA | AF56: 1
D57: “El efecto del dispositivo de puesta en cero debe ser como máximo igual al 4% de la cap máx ” | AE57: VERIFICACION PRIMITIVA | AF57: 2
B59: =IF(ISBLANK(G59),0,VLOOKUP(G59,$AE$59:$AH$61,4,FALSE)) | D59: 2 - MOVILIDAD - Instrumento de indicación o impresión : | G59: DISCONTINUA | AE59: DISCONTINUA | AF59: SUPERA | AG59: SI | AH59: 1
D60: MOVILIDAD | E60: =CONCATENATE("Carga aplicada ",IF(G59="discontinua","en equilibrio","")," (kg)") | F60: Indicación 1 (kg) | G60: =IF(G59="discontinua","sobrecarga [1,4.dd]",IF(G59="continua","sobrecarga [EMT]",IF(G59="ENA","sobrecarga [0,4.EMT]","complete G59"))) | H60: =+IF(G59="discontinua","Indicación 2 (kg)","") | I60: Desplazamiento observado (kg) | J60: ¿Movimiento visible? (SI/NO) | K60: Cumple? | N60: EMT (kg) | AE60: CONTINUA | AF60: NO SUPERA | AG60: NO | AH60: 1
D61: Carga MÍNIMA | E61: 1000 | F61: 1000 | G61: =IF(ISNUMBER(E61),IF(G$59="discontinua",1.4*$G$18,IF(G$59="continua",N61,IF(G$59="ENA",0.4*N61,"Error"))),"") | H61: 1020 | K61: =IF(ISNUMBER(E61),IF(G$59="discontinua",IF(ROUND(H61/$G$18,0)-ROUND(F61/$G$18,0)=ROUND(G$18/$G$18,0),"SI","NO"),IF(G$59="continua",IF(I61>=0.7*N61,"SI","NO"),IF(G$59="ENA",J61,"ERROR"))),"") | N61: =IF(ISNUMBER(E61),IF(E61<=$F$49,I$49,IF(E61<=$F$50,$I$50,$I$51)),0) | AE61: ENA | AF61: X | AH61: 1
D62: Carga INTERMEDIA | E62: 22000 | F62: 22000 | G62: =IF(ISNUMBER(E62),IF(G$59="discontinua",1.4*$G$18,IF(G$59="continua",N62,IF(G$59="ENA",0.4*N62,"Error"))),"") | H62: 22020 | K62: =IF(ISNUMBER(E62),IF(G$59="discontinua",IF(ROUND(H62/$G$18,0)-ROUND(F62/$G$18,0)=ROUND(G$18/$G$18,0),"SI","NO"),IF(G$59="continua",IF(I62>=0.7*N62,"SI","NO"),IF(G$59="ENA",J62,"ERROR"))),"") | N62: =IF(ISNUMBER(E62),IF(E62<=$F$49,I$49,IF(E62<=$F$50,$I$50,$I$51)),0)
D63: Carga MÁXIMA | E63: 43540 | F63: 43540 | G63: =IF(ISNUMBER(E63),IF(G$59="discontinua",1.4*$G$18,IF(G$59="continua",N63,IF(G$59="ENA",0.4*N63,"Error"))),"") | H63: 43560 | K63: =IF(ISNUMBER(E63),IF(G$59="discontinua",IF(ROUND(H63/$G$18,0)-ROUND(F63/$G$18,0)=ROUND(G$18/$G$18,0),"SI","NO"),IF(G$59="continua",IF(I63>=0.7*N63,"SI","NO"),IF(G$59="ENA",J63,"ERROR"))),"") | N63: =IF(ISNUMBER(E63),IF(E63<=$F$49,I$49,IF(E63<=$F$50,$I$50,$I$51)),0)
D66: 3 - EXCENTRICIDAD
D67: Cantidad de apoyos: | E67: 10
D68: Carga aplicada: | E68: 6000 | F68: kg
D69: Punto de control | E69: Carga aplicada (kg) | F69: Indicación (kg) | G69: Sobrecarga (kg) | H69: Valor Redondeado (kg) | I69: Error max tolerado (kg) | J69: Error verificado (kg) | K69: ¿cumple? | L69: Valores Iniciales (kg) | M69: Diferencias Inicial-Final (kg)
D70: 1 | E70: =IF(ISBLANK(F70),"",+E$68) | F70: 6000 | G70: =IF('Identificación del Instrumento'!$F$17="PRIMITIVA","",IF(ISNUMBER(E70),IF($G$59="DISCONTINUA",$E$18/2,0),"")) | H70: =IF(ISNUMBER(F70)=TRUE,IF($G$59="DISCONTINUA",F70+$G$18/2-G70,F70-G70),"") | I70: =IF(ISNUMBER(F70),IF(E70<=$F$49,I$49,IF(E70<=$F$50,$I$50,$I$51)),"") | J70: =+IF(ISNUMBER(E70),IF('Identificación del Instrumento'!$B$17="PERIÓDICA",F70-E70,H70-E70),"") | K70: =+IF(ISNUMBER(F70),IF(ABS(J70)<=I70,0,1),"") | L70: 0 | M70: =IF(COUNT(H70,L70)=2,H70-L70,"")
D71: 2 | E71: =IF(ISBLANK(F71),"",+E$68) | F71: 6000 | G71: =IF('Identificación del Instrumento'!$F$17="PRIMITIVA","",IF(ISNUMBER(E71),IF($G$59="DISCONTINUA",$E$18/2,0),"")) | H71: =IF(ISNUMBER(F71)=TRUE,IF($G$59="DISCONTINUA",F71+$G$18/2-G71,F71-G71),"") | I71: =IF(ISNUMBER(F71),IF(E71<=$F$49,I$49,IF(E71<=$F$50,$I$50,$I$51)),"") | J71: =+IF(ISNUMBER(E71),IF('Identificación del Instrumento'!$B$17="PERIÓDICA",F71-E71,H71-E71),"") | K71: =+IF(ISNUMBER(F71),IF(ABS(J71)<=I71,0,1),"") | L71: 0 | M71: =IF(COUNT(H71,L71)=2,H71-L71,"")
D72: 3 | E72: =IF(ISBLANK(F72),"",+E$68) | F72: 6000 | G72: =IF('Identificación del Instrumento'!$F$17="PRIMITIVA","",IF(ISNUMBER(E72),IF($G$59="DISCONTINUA",$E$18/2,0),"")) | H72: =IF(ISNUMBER(F72)=TRUE,IF($G$59="DISCONTINUA",F72+$G$18/2-G72,F72-G72),"") | I72: =IF(ISNUMBER(F72),IF(E72<=$F$49,I$49,IF(E72<=$F$50,$I$50,$I$51)),"") | J72: =+IF(ISNUMBER(E72),IF('Identificación del Instrumento'!$B$17="PERIÓDICA",F72-E72,H72-E72),"") | K72: =+IF(ISNUMBER(F72),IF(ABS(J72)<=I72,0,1),"") | L72: 0 | M72: =IF(COUNT(H72,L72)=2,H72-L72,"")
D73: 4 | E73: =IF(ISBLANK(F73),"",+E$68) | F73: 6000 | G73: =IF('Identificación del Instrumento'!$F$17="PRIMITIVA","",IF(ISNUMBER(E73),IF($G$59="DISCONTINUA",$E$18/2,0),"")) | H73: =IF(ISNUMBER(F73)=TRUE,IF($G$59="DISCONTINUA",F73+$G$18/2-G73,F73-G73),"") | I73: =IF(ISNUMBER(F73),IF(E73<=$F$49,I$49,IF(E73<=$F$50,$I$50,$I$51)),"") | J73: =+IF(ISNUMBER(E73),IF('Identificación del Instrumento'!$B$17="PERIÓDICA",F73-E73,H73-E73),"") | K73: =+IF(ISNUMBER(F73),IF(ABS(J73)<=I73,0,1),"") | L73: 0 | M73: =IF(COUNT(H73,L73)=2,H73-L73,"")
D74: 5 | E74: =IF(ISBLANK(F74),"",+E$68) | F74: 6000 | G74: =IF('Identificación del Instrumento'!$F$17="PRIMITIVA","",IF(ISNUMBER(E74),IF($G$59="DISCONTINUA",$E$18/2,0),"")) | H74: =IF(ISNUMBER(F74)=TRUE,IF($G$59="DISCONTINUA",F74+$G$18/2-G74,F74-G74),"") | I74: =IF(ISNUMBER(F74),IF(E74<=$F$49,I$49,IF(E74<=$F$50,$I$50,$I$51)),"") | J74: =+IF(ISNUMBER(E74),IF('Identificación del Instrumento'!$B$17="PERIÓDICA",F74-E74,H74-E74),"") | K74: =+IF(ISNUMBER(F74),IF(ABS(J74)<=I74,0,1),"") | L74: 0 | M74: =IF(COUNT(H74,L74)=2,H74-L74,"")
D75: 6 | E75: =IF(ISBLANK(F75),"",+E$68) | F75: 6000 | G75: =IF('Identificación del Instrumento'!$F$17="PRIMITIVA","",IF(ISNUMBER(E75),IF($G$59="DISCONTINUA",$E$18/2,0),"")) | H75: =IF(ISNUMBER(F75)=TRUE,IF($G$59="DISCONTINUA",F75+$G$18/2-G75,F75-G75),"") | I75: =IF(ISNUMBER(F75),IF(E75<=$F$49,I$49,IF(E75<=$F$50,$I$50,$I$51)),"") | J75: =+IF(ISNUMBER(E75),IF('Identificación del Instrumento'!$B$17="PERIÓDICA",F75-E75,H75-E75),"") | K75: =+IF(ISNUMBER(F75),IF(ABS(J75)<=I75,0,1),"") | L75: 0 | M75: =IF(COUNT(H75,L75)=2,H75-L75,"")
D76: 7 | E76: =IF(ISBLANK(F76),"",+E$68) | F76: 6000 | G76: =IF('Identificación del Instrumento'!$F$17="PRIMITIVA","",IF(ISNUMBER(E76),IF($G$59="DISCONTINUA",$E$18/2,0),"")) | H76: =IF(ISNUMBER(F76)=TRUE,IF($G$59="DISCONTINUA",F76+$G$18/2-G76,F76-G76),"") | I76: =IF(ISNUMBER(F76),IF(E76<=$F$49,I$49,IF(E76<=$F$50,$I$50,$I$51)),"") | J76: =+IF(ISNUMBER(E76),IF('Identificación del Instrumento'!$B$17="PERIÓDICA",F76-E76,H76-E76),"") | K76: =+IF(ISNUMBER(F76),IF(ABS(J76)<=I76,0,1),"") | L76: 0 | M76: =IF(COUNT(H76,L76)=2,H76-L76,"")
D77: 8 | E77: =IF(ISBLANK(F77),"",+E$68) | F77: 6000 | G77: =IF('Identificación del Instrumento'!$F$17="PRIMITIVA","",IF(ISNUMBER(E77),IF($G$59="DISCONTINUA",$E$18/2,0),"")) | H77: =IF(ISNUMBER(F77)=TRUE,IF($G$59="DISCONTINUA",F77+$G$18/2-G77,F77-G77),"") | I77: =IF(ISNUMBER(F77),IF(E77<=$F$49,I$49,IF(E77<=$F$50,$I$50,$I$51)),"") | J77: =+IF(ISNUMBER(E77),IF('Identificación del Instrumento'!$B$17="PERIÓDICA",F77-E77,H77-E77),"") | K77: =+IF(ISNUMBER(F77),IF(ABS(J77)<=I77,0,1),"") | L77: 0 | M77: =IF(COUNT(H77,L77)=2,H77-L77,"")
D78: 9 | E78: =IF(ISBLANK(F78),"",+E$68) | F78: 6000 | G78: =IF('Identificación del Instrumento'!$F$17="PRIMITIVA","",IF(ISNUMBER(E78),IF($G$59="DISCONTINUA",$E$18/2,0),"")) | H78: =IF(ISNUMBER(F78)=TRUE,IF($G$59="DISCONTINUA",F78+$G$18/2-G78,F78-G78),"") | I78: =IF(ISNUMBER(F78),IF(E78<=$F$49,I$49,IF(E78<=$F$50,$I$50,$I$51)),"") | J78: =+IF(ISNUMBER(E78),IF('Identificación del Instrumento'!$B$17="PERIÓDICA",F78-E78,H78-E78),"") | K78: =+IF(ISNUMBER(F78),IF(ABS(J78)<=I78,0,1),"") | L78: 0 | M78: =IF(COUNT(H78,L78)=2,H78-L78,"")
D79: 10 | E79: =IF(ISBLANK(F79),"",+E$68) | F79: 6000 | G79: =IF('Identificación del Instrumento'!$F$17="PRIMITIVA","",IF(ISNUMBER(E79),IF($G$59="DISCONTINUA",$E$18/2,0),"")) | H79: =IF(ISNUMBER(F79)=TRUE,IF($G$59="DISCONTINUA",F79+$G$18/2-G79,F79-G79),"") | I79: =IF(ISNUMBER(F79),IF(E79<=$F$49,I$49,IF(E79<=$F$50,$I$50,$I$51)),"") | J79: =+IF(ISNUMBER(E79),IF('Identificación del Instrumento'!$B$17="PERIÓDICA",F79-E79,H79-E79),"") | K79: =+IF(ISNUMBER(F79),IF(ABS(J79)<=I79,0,1),"") | L79: 0 | M79: =IF(COUNT(H79,L79)=2,H79-L79,"")
D80: 11 | E80: =IF(ISBLANK(F80),"",+E$68) | G80: =IF('Identificación del Instrumento'!$F$17="PRIMITIVA","",IF(ISNUMBER(E80),IF($G$59="DISCONTINUA",$E$18/2,0),"")) | H80: =IF(ISNUMBER(F80)=TRUE,IF($G$59="DISCONTINUA",F80+$G$18/2-G80,F80-G80),"") | I80: =IF(ISNUMBER(F80),IF(E80<=$F$49,I$49,IF(E80<=$F$50,$I$50,$I$51)),"") | J80: =+IF(ISNUMBER(E80),IF('Identificación del Instrumento'!$B$17="PERIÓDICA",F80-E80,H80-E80),"") | K80: =+IF(ISNUMBER(F80),IF(ABS(J80)<=I80,0,1),"") | M80: =IF(COUNT(H80,L80)=2,H80-L80,"")
D81: 12 | E81: =IF(ISBLANK(F81),"",+E$68) | G81: =IF('Identificación del Instrumento'!$F$17="PRIMITIVA","",IF(ISNUMBER(E81),IF($G$59="DISCONTINUA",$E$18/2,0),"")) | H81: =IF(ISNUMBER(F81)=TRUE,IF($G$59="DISCONTINUA",F81+$G$18/2-G81,F81-G81),"") | I81: =IF(ISNUMBER(F81),IF(E81<=$F$49,I$49,IF(E81<=$F$50,$I$50,$I$51)),"") | J81: =+IF(ISNUMBER(E81),IF('Identificación del Instrumento'!$B$17="PERIÓDICA",F81-E81,H81-E81),"") | K81: =+IF(ISNUMBER(F81),IF(ABS(J81)<=I81,0,1),"") | M81: =IF(COUNT(H81,L81)=2,H81-L81,"")
D82: =+IF(K82=0,"cumple excentricidad","¡no cumple excentricidad !") | J82: N° de No cumplimientos | K82: =IF('Identificación del Instrumento'!B22="Balanza de plataforma",IF(COUNT(K70:K81)=4,+SUM(K70:K81),1),IF('Identificación del Instrumento'!B22="Balanza tipo tolva",0,(IF(ISNUMBER(E67),IF(COUNT(K70:K81)=E67,+SUM(K70:K81),1),1))))
G83: Suma Total de apoyos: | H83: =SUM(H70:H81) | L83: =SUM(L70:L79)
D84: e=dd= | E84: ='Identificación del Instrumento'!D30 | G84: Diferencia máxima entre apoyos: | H84: =MAX(H70:H79)-MIN(H70:H79)
D87: 4.1 - FIDELIDAD I | F87: Tolva | G87: Vacío | H87: Sentido | I87: Ingreso | S87: Cargado | T87: Ingreso
F88: Carga aproximada | G88: =IF(ISNUMBER(N96),AVERAGE(N91:N95),"") | H88: kg | S88: Vacío | T88: Egreso
F89: Error tolerado: | G89: =IF(ISNUMBER(G88),IF(G88<=$F$49,I$49,IF(G88<=$F$50,$I$50,$I$51)),"") | H89: kg
D90: Ciclo N° | E90: Cero Indicado Inicial (kg) | F90: Redondeo de Cero Inicial (kg) | G90: CERO CORREGIDO | H90: Carga Indicada (kg) | I90: Redondeo de Carga (kg) | J90: CARGA CORREGIDA | K90: Cero Indicado Final (kg) | L90: Redondeo de Cero Final (kg) | M90: CERO 2 CORREGIDO | N90: DIFERENCIA
D91: 1 | E91: 0 | F91: =IF(ISNUMBER(E91),IF('Identificación del Instrumento'!$F$17="PRIMITIVA","",IF($G$59="DISCONTINUA",$E$84/2,0)),"") | G91: =IF(AND(ISNUMBER(F91),ISNUMBER(E91))=TRUE,IF($G$59="DISCONTINUA",E91+$E$84/2-F91,E91-F91),"") | H91: 16900 | I91: =IF(ISNUMBER(H91),IF('Identificación del Instrumento'!$F$17="PRIMITIVA","",IF($G$59="DISCONTINUA",$E$84/2,0)),"") | J91: =IF(AND(ISNUMBER(I91),ISNUMBER(H91))=TRUE,IF($G$59="DISCONTINUA",H91+$E$84/2-I91,H91-I91),"") | K91: 0 | L91: =IF(ISNUMBER(K91),IF('Identificación del Instrumento'!$F$17="PRIMITIVA","",IF($G$59="DISCONTINUA",$E$84/2,0)),"") | M91: =IF(AND(ISNUMBER(L91),ISNUMBER(K91))=TRUE,IF($G$59="DISCONTINUA",K91+$E$84/2-L91,K91-L91),"") | N91: =IF(COUNT(G91,J91,M91)=3,-AVERAGE(G91,M91)+J91,"")
D92: 2 | E92: 0 | F92: =IF(ISNUMBER(E92),IF('Identificación del Instrumento'!$F$17="PRIMITIVA","",IF($G$59="DISCONTINUA",$E$84/2,0)),"") | G92: =IF(AND(ISNUMBER(F92),ISNUMBER(E92))=TRUE,IF($G$59="DISCONTINUA",E92+$E$84/2-F92,E92-F92),"") | H92: 16900 | I92: =IF(ISNUMBER(H92),IF('Identificación del Instrumento'!$F$17="PRIMITIVA","",IF($G$59="DISCONTINUA",$E$84/2,0)),"") | J92: =IF(AND(ISNUMBER(I92),ISNUMBER(H92))=TRUE,IF($G$59="DISCONTINUA",H92+$E$84/2-I92,H92-I92),"") | K92: 0 | L92: =IF(ISNUMBER(K92),IF('Identificación del Instrumento'!$F$17="PRIMITIVA","",IF($G$59="DISCONTINUA",$E$84/2,0)),"") | M92: =IF(AND(ISNUMBER(L92),ISNUMBER(K92))=TRUE,IF($G$59="DISCONTINUA",K92+$E$84/2-L92,K92-L92),"") | N92: =IF(COUNT(G92,J92,M92)=3,-AVERAGE(G92,M92)+J92,"")
D93: 3 | E93: 0 | F93: =IF(ISNUMBER(E93),IF('Identificación del Instrumento'!$F$17="PRIMITIVA","",IF($G$59="DISCONTINUA",$E$84/2,0)),"") | G93: =IF(AND(ISNUMBER(F93),ISNUMBER(E93))=TRUE,IF($G$59="DISCONTINUA",E93+$E$84/2-F93,E93-F93),"") | H93: 16900 | I93: =IF(ISNUMBER(H93),IF('Identificación del Instrumento'!$F$17="PRIMITIVA","",IF($G$59="DISCONTINUA",$E$84/2,0)),"") | J93: =IF(AND(ISNUMBER(I93),ISNUMBER(H93))=TRUE,IF($G$59="DISCONTINUA",H93+$E$84/2-I93,H93-I93),"") | K93: 0 | L93: =IF(ISNUMBER(K93),IF('Identificación del Instrumento'!$F$17="PRIMITIVA","",IF($G$59="DISCONTINUA",$E$84/2,0)),"") | M93: =IF(AND(ISNUMBER(L93),ISNUMBER(K93))=TRUE,IF($G$59="DISCONTINUA",K93+$E$84/2-L93,K93-L93),"") | N93: =IF(COUNT(G93,J93,M93)=3,-AVERAGE(G93,M93)+J93,"")
D94: 4 | E94: 0 | F94: =IF(ISNUMBER(E94),IF('Identificación del Instrumento'!$F$17="PRIMITIVA","",IF($G$59="DISCONTINUA",$E$84/2,0)),"") | G94: =IF(AND(ISNUMBER(F94),ISNUMBER(E94))=TRUE,IF($G$59="DISCONTINUA",E94+$E$84/2-F94,E94-F94),"") | I94: =IF(ISNUMBER(H94),IF('Identificación del Instrumento'!$F$17="PRIMITIVA","",IF($G$59="DISCONTINUA",$E$84/2,0)),"") | J94: =IF(AND(ISNUMBER(I94),ISNUMBER(H94))=TRUE,IF($G$59="DISCONTINUA",H94+$E$84/2-I94,H94-I94),"") | K94: 0 | L94: =IF(ISNUMBER(K94),IF('Identificación del Instrumento'!$F$17="PRIMITIVA","",IF($G$59="DISCONTINUA",$E$84/2,0)),"") | M94: =IF(AND(ISNUMBER(L94),ISNUMBER(K94))=TRUE,IF($G$59="DISCONTINUA",K94+$E$84/2-L94,K94-L94),"") | N94: =IF(COUNT(G94,J94,M94)=3,-AVERAGE(G94,M94)+J94,"")
D95: 5 | E95: 0 | F95: =IF(ISNUMBER(E95),IF('Identificación del Instrumento'!$F$17="PRIMITIVA","",IF($G$59="DISCONTINUA",$E$84/2,0)),"") | G95: =IF(AND(ISNUMBER(F95),ISNUMBER(E95))=TRUE,IF($G$59="DISCONTINUA",E95+$E$84/2-F95,E95-F95),"") | I95: =IF(ISNUMBER(H95),IF('Identificación del Instrumento'!$F$17="PRIMITIVA","",IF($G$59="DISCONTINUA",$E$84/2,0)),"") | J95: =IF(AND(ISNUMBER(I95),ISNUMBER(H95))=TRUE,IF($G$59="DISCONTINUA",H95+$E$84/2-I95,H95-I95),"") | K95: 0 | L95: =IF(ISNUMBER(K95),IF('Identificación del Instrumento'!$F$17="PRIMITIVA","",IF($G$59="DISCONTINUA",$E$84/2,0)),"") | M95: =IF(AND(ISNUMBER(L95),ISNUMBER(K95))=TRUE,IF($G$59="DISCONTINUA",K95+$E$84/2-L95,K95-L95),"") | N95: =IF(COUNT(G95,J95,M95)=3,-AVERAGE(G95,M95)+J95,"")
J96: Desvío Standard | K96: =IF(ISNUMBER(STDEV(N91:N95)),STDEV(N91:N95),"") | L96: Diferencia máx | N96: =IF(COUNT(N91:N95)>=3,MAX(N91:N95)-MIN(N91:N95),"")
D97: =+IF(N96<=G89,"cumple fidelidad","no cumple fidelidad!") | M97: Cumple? | N97: =IF(ISNUMBER(N96),IF(N96<=G89,0,1),"")
D99: 4.2 - FIDELIDAD II | F99: Camión | G99: Vacío | H99: Sentido | I99: Egreso
F100: Carga aproximada | G100: =+G88 | H100: kg
E101: Error tolerado: | G101: =IF(ISNUMBER(G100),IF(G100<=$F$49,I$49,IF(G100<=$F$50,$I$50,$I$51)),"") | H101: kg
D102: Ciclo N° | E102: Cero Indicado Inicial (kg) | F102: Redondeo de Cero Inicial (kg) | G102: CERO CORREGIDO | H102: Carga Indicada (kg) | I102: Redondeo de Carga (kg) | J102: CARGA CORREGIDA | K102: Cero Indicado Final (kg) | L102: Redondeo de Cero Final (kg) | M102: CERO 2 CORREGIDO | N102: DIFERENCIA
D103: 1 | E103: 0 | F103: =IF(ISNUMBER(E103),IF('Identificación del Instrumento'!$F$17="PRIMITIVA","",IF($G$59="DISCONTINUA",$E$84/2,0)),"") | G103: =IF(AND(ISNUMBER(F103),ISNUMBER(E103))=TRUE,IF($G$59="DISCONTINUA",E103+$E$84/2-F103,E103-F103),"") | H103: =H91 | I103: =IF(ISNUMBER(H103),IF('Identificación del Instrumento'!$F$17="PRIMITIVA","",IF($G$59="DISCONTINUA",$E$84/2,0)),"") | J103: =IF(AND(ISNUMBER(I103),ISNUMBER(H103))=TRUE,IF($G$59="DISCONTINUA",H103+$E$84/2-I103,H103-I103),"") | K103: 0 | L103: =IF(ISNUMBER(K103),IF('Identificación del Instrumento'!$F$17="PRIMITIVA","",IF($G$59="DISCONTINUA",$E$84/2,0)),"") | M103: =IF(AND(ISNUMBER(L103),ISNUMBER(K103))=TRUE,IF($G$59="DISCONTINUA",K103+$E$84/2-L103,K103-L103),"") | N103: =IF(COUNT(G103,J103,M103)=3,-AVERAGE(G103,M103)+J103,"")
D104: 2 | E104: 0 | F104: =IF(ISNUMBER(E104),IF('Identificación del Instrumento'!$F$17="PRIMITIVA","",IF($G$59="DISCONTINUA",$E$84/2,0)),"") | G104: =IF(AND(ISNUMBER(F104),ISNUMBER(E104))=TRUE,IF($G$59="DISCONTINUA",E104+$E$84/2-F104,E104-F104),"") | H104: =H92 | I104: =IF(ISNUMBER(H104),IF('Identificación del Instrumento'!$F$17="PRIMITIVA","",IF($G$59="DISCONTINUA",$E$84/2,0)),"") | J104: =IF(AND(ISNUMBER(I104),ISNUMBER(H104))=TRUE,IF($G$59="DISCONTINUA",H104+$E$84/2-I104,H104-I104),"") | K104: 0 | L104: =IF(ISNUMBER(K104),IF('Identificación del Instrumento'!$F$17="PRIMITIVA","",IF($G$59="DISCONTINUA",$E$84/2,0)),"") | M104: =IF(AND(ISNUMBER(L104),ISNUMBER(K104))=TRUE,IF($G$59="DISCONTINUA",K104+$E$84/2-L104,K104-L104),"") | N104: =IF(COUNT(G104,J104,M104)=3,-AVERAGE(G104,M104)+J104,"")
D105: 3 | E105: 0 | F105: =IF(ISNUMBER(E105),IF('Identificación del Instrumento'!$F$17="PRIMITIVA","",IF($G$59="DISCONTINUA",$E$84/2,0)),"") | G105: =IF(AND(ISNUMBER(F105),ISNUMBER(E105))=TRUE,IF($G$59="DISCONTINUA",E105+$E$84/2-F105,E105-F105),"") | H105: =H93 | I105: =IF(ISNUMBER(H105),IF('Identificación del Instrumento'!$F$17="PRIMITIVA","",IF($G$59="DISCONTINUA",$E$84/2,0)),"") | J105: =IF(AND(ISNUMBER(I105),ISNUMBER(H105))=TRUE,IF($G$59="DISCONTINUA",H105+$E$84/2-I105,H105-I105),"") | K105: 0 | L105: =IF(ISNUMBER(K105),IF('Identificación del Instrumento'!$F$17="PRIMITIVA","",IF($G$59="DISCONTINUA",$E$84/2,0)),"") | M105: =IF(AND(ISNUMBER(L105),ISNUMBER(K105))=TRUE,IF($G$59="DISCONTINUA",K105+$E$84/2-L105,K105-L105),"") | N105: =IF(COUNT(G105,J105,M105)=3,-AVERAGE(G105,M105)+J105,"")
D106: 4 | E106: 0 | F106: =IF(ISNUMBER(E106),IF('Identificación del Instrumento'!$F$17="PRIMITIVA","",IF($G$59="DISCONTINUA",$E$84/2,0)),"") | G106: =IF(AND(ISNUMBER(F106),ISNUMBER(E106))=TRUE,IF($G$59="DISCONTINUA",E106+$E$84/2-F106,E106-F106),"") | I106: =IF(ISNUMBER(H106),IF('Identificación del Instrumento'!$F$17="PRIMITIVA","",IF($G$59="DISCONTINUA",$E$84/2,0)),"") | J106: =IF(AND(ISNUMBER(I106),ISNUMBER(H106))=TRUE,IF($G$59="DISCONTINUA",H106+$E$84/2-I106,H106-I106),"") | K106: 0 | L106: =IF(ISNUMBER(K106),IF('Identificación del Instrumento'!$F$17="PRIMITIVA","",IF($G$59="DISCONTINUA",$E$84/2,0)),"") | M106: =IF(AND(ISNUMBER(L106),ISNUMBER(K106))=TRUE,IF($G$59="DISCONTINUA",K106+$E$84/2-L106,K106-L106),"") | N106: =IF(COUNT(G106,J106,M106)=3,-AVERAGE(G106,M106)+J106,"")
D107: 5 | E107: 0 | F107: =IF(ISNUMBER(E107),IF('Identificación del Instrumento'!$F$17="PRIMITIVA","",IF($G$59="DISCONTINUA",$E$84/2,0)),"") | G107: =IF(AND(ISNUMBER(F107),ISNUMBER(E107))=TRUE,IF($G$59="DISCONTINUA",E107+$E$84/2-F107,E107-F107),"") | I107: =IF(ISNUMBER(H107),IF('Identificación del Instrumento'!$F$17="PRIMITIVA","",IF($G$59="DISCONTINUA",$E$84/2,0)),"") | J107: =IF(AND(ISNUMBER(I107),ISNUMBER(H107))=TRUE,IF($G$59="DISCONTINUA",H107+$E$84/2-I107,H107-I107),"") | K107: 0 | L107: =IF(ISNUMBER(K107),IF('Identificación del Instrumento'!$F$17="PRIMITIVA","",IF($G$59="DISCONTINUA",$E$84/2,0)),"") | M107: =IF(AND(ISNUMBER(L107),ISNUMBER(K107))=TRUE,IF($G$59="DISCONTINUA",K107+$E$84/2-L107,K107-L107),"") | N107: =IF(COUNT(G107,J107,M107)=3,-AVERAGE(G107,M107)+J107,"")
J108: Desvío Standard | K108: =IF(ISNUMBER(STDEV(N103:N107)),STDEV(N103:N107),"") | L108: Diferencia máx | N108: =IF(COUNT(N103:N107)>=3,MAX(N103:N107)-MIN(N103:N107),"")
D109: =+IF(N108<=G101,"cumple fidelidad","no cumple fidelidad!") | M109: Cumple? | N109: =IF(ISNUMBER(N108),IF(N108<=G101,0,1),"")
D111: 4.3 - FIDELIDAD III | F111: Camión | G111: Cargado | H111: Sentido | I111: Ingreso
F112: Carga aproximada | G112: 36540 | H112: kg
E113: Error tolerado: | G113: =IF(ISNUMBER(G112),IF(G112<=$F$49,I$49,IF(G112<=$F$50,$I$50,$I$51)),"")
D114: Ciclo N° | E114: Cero Indicado Inicial (kg) | F114: Redondeo de Cero Inicial (kg) | G114: CERO CORREGIDO | H114: Carga Indicada (kg) | I114: Redondeo de Carga (kg) | J114: CARGA CORREGIDA | K114: Cero Indicado Final (kg) | L114: Redondeo de Cero Final (kg) | M114: CERO 2 CORREGIDO | N114: DIFERENCIA
D115: 1 | E115: 0 | F115: =IF(ISNUMBER(E115),IF('Identificación del Instrumento'!$F$17="PRIMITIVA","",IF($G$59="DISCONTINUA",$E$84/2,0)),"") | G115: =IF(AND(ISNUMBER(F115),ISNUMBER(E115))=TRUE,IF($G$59="DISCONTINUA",E115+$E$84/2-F115,E115-F115),"") | H115: 39440 | I115: =IF(ISNUMBER(H115),IF('Identificación del Instrumento'!$F$17="PRIMITIVA","",IF($G$59="DISCONTINUA",$E$84/2,0)),"") | J115: =IF(AND(ISNUMBER(I115),ISNUMBER(H115))=TRUE,IF($G$59="DISCONTINUA",H115+$E$84/2-I115,H115-I115),"") | K115: 0 | L115: =IF(ISNUMBER(K115),IF('Identificación del Instrumento'!$F$17="PRIMITIVA","",IF($G$59="DISCONTINUA",$E$84/2,0)),"") | M115: =IF(AND(ISNUMBER(L115),ISNUMBER(K115))=TRUE,IF($G$59="DISCONTINUA",K115+$E$84/2-L115,K115-L115),"") | N115: =IF(COUNT(G115,J115,M115)=3,-AVERAGE(G115,M115)+J115,"")
D116: 2 | E116: 0 | F116: =IF(ISNUMBER(E116),IF('Identificación del Instrumento'!$F$17="PRIMITIVA","",IF($G$59="DISCONTINUA",$E$84/2,0)),"") | G116: =IF(AND(ISNUMBER(F116),ISNUMBER(E116))=TRUE,IF($G$59="DISCONTINUA",E116+$E$84/2-F116,E116-F116),"") | H116: 39440 | I116: =IF(ISNUMBER(H116),IF('Identificación del Instrumento'!$F$17="PRIMITIVA","",IF($G$59="DISCONTINUA",$E$84/2,0)),"") | J116: =IF(AND(ISNUMBER(I116),ISNUMBER(H116))=TRUE,IF($G$59="DISCONTINUA",H116+$E$84/2-I116,H116-I116),"") | K116: 0 | L116: =IF(ISNUMBER(K116),IF('Identificación del Instrumento'!$F$17="PRIMITIVA","",IF($G$59="DISCONTINUA",$E$84/2,0)),"") | M116: =IF(AND(ISNUMBER(L116),ISNUMBER(K116))=TRUE,IF($G$59="DISCONTINUA",K116+$E$84/2-L116,K116-L116),"") | N116: =IF(COUNT(G116,J116,M116)=3,-AVERAGE(G116,M116)+J116,"")
D117: 3 | E117: 0 | F117: =IF(ISNUMBER(E117),IF('Identificación del Instrumento'!$F$17="PRIMITIVA","",IF($G$59="DISCONTINUA",$E$84/2,0)),"") | G117: =IF(AND(ISNUMBER(F117),ISNUMBER(E117))=TRUE,IF($G$59="DISCONTINUA",E117+$E$84/2-F117,E117-F117),"") | H117: 39440 | I117: =IF(ISNUMBER(H117),IF('Identificación del Instrumento'!$F$17="PRIMITIVA","",IF($G$59="DISCONTINUA",$E$84/2,0)),"") | J117: =IF(AND(ISNUMBER(I117),ISNUMBER(H117))=TRUE,IF($G$59="DISCONTINUA",H117+$E$84/2-I117,H117-I117),"") | K117: 0 | L117: =IF(ISNUMBER(K117),IF('Identificación del Instrumento'!$F$17="PRIMITIVA","",IF($G$59="DISCONTINUA",$E$84/2,0)),"") | M117: =IF(AND(ISNUMBER(L117),ISNUMBER(K117))=TRUE,IF($G$59="DISCONTINUA",K117+$E$84/2-L117,K117-L117),"") | N117: =IF(COUNT(G117,J117,M117)=3,-AVERAGE(G117,M117)+J117,"")
D118: 4 | E118: 0 | F118: =IF(ISNUMBER(E118),IF('Identificación del Instrumento'!$F$17="PRIMITIVA","",IF($G$59="DISCONTINUA",$E$84/2,0)),"") | G118: =IF(AND(ISNUMBER(F118),ISNUMBER(E118))=TRUE,IF($G$59="DISCONTINUA",E118+$E$84/2-F118,E118-F118),"") | I118: =IF(ISNUMBER(H118),IF('Identificación del Instrumento'!$F$17="PRIMITIVA","",IF($G$59="DISCONTINUA",$E$84/2,0)),"") | J118: =IF(AND(ISNUMBER(I118),ISNUMBER(H118))=TRUE,IF($G$59="DISCONTINUA",H118+$E$84/2-I118,H118-I118),"") | K118: 0 | L118: =IF(ISNUMBER(K118),IF('Identificación del Instrumento'!$F$17="PRIMITIVA","",IF($G$59="DISCONTINUA",$E$84/2,0)),"") | M118: =IF(AND(ISNUMBER(L118),ISNUMBER(K118))=TRUE,IF($G$59="DISCONTINUA",K118+$E$84/2-L118,K118-L118),"") | N118: =IF(COUNT(G118,J118,M118)=3,-AVERAGE(G118,M118)+J118,"")
D119: 5 | E119: 0 | F119: =IF(ISNUMBER(E119),IF('Identificación del Instrumento'!$F$17="PRIMITIVA","",IF($G$59="DISCONTINUA",$E$84/2,0)),"") | G119: =IF(AND(ISNUMBER(F119),ISNUMBER(E119))=TRUE,IF($G$59="DISCONTINUA",E119+$E$84/2-F119,E119-F119),"") | I119: =IF(ISNUMBER(H119),IF('Identificación del Instrumento'!$F$17="PRIMITIVA","",IF($G$59="DISCONTINUA",$E$84/2,0)),"") | J119: =IF(AND(ISNUMBER(I119),ISNUMBER(H119))=TRUE,IF($G$59="DISCONTINUA",H119+$E$84/2-I119,H119-I119),"") | K119: 0 | L119: =IF(ISNUMBER(K119),IF('Identificación del Instrumento'!$F$17="PRIMITIVA","",IF($G$59="DISCONTINUA",$E$84/2,0)),"") | M119: =IF(AND(ISNUMBER(L119),ISNUMBER(K119))=TRUE,IF($G$59="DISCONTINUA",K119+$E$84/2-L119,K119-L119),"") | N119: =IF(COUNT(G119,J119,M119)>=3,-AVERAGE(G119,M119)+J119,"")
J120: Desvío Standard | K120: =IF(ISNUMBER(STDEV(N115:N119)),STDEV(N115:N119),"") | L120: Diferencia máx. | N120: =IF(COUNT(N115:N119)>=3,MAX(N115:N119)-MIN(N115:N119),"")
D121: =+IF(N120<=G113,"cumple fidelidad","no cumple fidelidad!") | M121: Cumple? | N121: =IF(ISNUMBER(N120),IF(N120<=G113,0,1),"")
D123: 4.4 - FIDELIDAD IV | F123: Camión | G123: Cargado | H123: Sentido | I123: Egreso
...

Sheet Acta Verificación 
A1: #VALUE! | J1: =CONCATENATE("En la localidad de ",'Identificación del Instrumento'!$D$4,", provincia de ",'Identificación del Instrumento'!$D$5,", siendo las ",$J$18," horas del día ",'Identificación del Instrumento'!J2,", en virtud de la solicitud presentada por la firma ",'Identificación del Instrumento'!$C$14,", conforme a lo establecido en la Resolución Nº 611/2019 de la SECRETARÍA DE COMERCIO INTERIOR y sus modificatorias, el ",$T$18,", ",$T$19,", habilitado por el INSTITUTO NACIONAL DE TECNOLOGÍA INDUSTRIAL (I.N.T.I.), con credencial acreditante N° ",$T$20,", que en este acto se exhibe")
J2: =CONCATENATE(", en ejecución y en ejercicio de las facultades conferidas por la ley Nº 19.511,"&" el Decreto Reglamentario N° 960/2017, la Resolución Nº 611/2019 y sus modifiatorias, procede a hacerse presente en ",$J$24,"la firma citada, ubicada en ",$J$23,", siendo recibido por quien acredita ser ",$K$19,"; ",$J$20," Nº ",$K$20,", quien se desempeña en la firma como ",$J$22," y suscribe este instrumento en prueba de conformidad.")
J3: =CONCATENATE("A continuación se deja constancia que se verificó la concordancia con el modelo aprobado y se realizaron los ensayos de ",$N$44," respecto de los siguientes elementos: ",'Identificación del Instrumento'!$B$22," de tipo ",'Identificación del Instrumento'!$F$23,", compuesta por una plataforma receptora de cargas ",$N$30,"marca ",'Identificación del Instrumento'!$B$24,", modelo ",'Identificación del Instrumento'!$B$25,", N° de serie ",'Identificación del Instrumento'!$B$26,", código de aprobación de modelo ",'Identificación del Instrumento'!$B$27,", e indicador ",$P$30," de cargas marca ",'Identificación del Instrumento'!$F$24,", modelo ",'Identificación del Instrumento'!$F$25,", N° de serie ",'Identificación del Instrumento'!$F$26,", código de aprobación de modelo ",'Identificación del Instrumento'!$F$27,";")
J4: =CONCATENATE(" características metrológicas: capacidad máxima Máx.= ",'Identificación del Instrumento'!$D$29," kg; capacidad mínima Mín. = ",'Identificación del Instrumento'!$F$29," kg; e=dd=dt=",'Identificación del Instrumento'!$D$30," kg; clase ",'Identificación del Instrumento'!$F$30,", comprobando que los mismos cumplen con los requisitos de la verificación encomendada.")
J5: =CONCATENATE("Completada la presente verificación se cierra el acto, comprometiéndose el I.N.T.I. a emitir el ",$J$25,$J$26," en tiempo y forma, firmando como constancia el agente verificador y ",$J$19,"",$K$19," por la firma ",'Identificación del Instrumento'!$C$14,".")
J6: =CONCATENATE("Del presente se suscriben ",L30, " ejemplares de igual tenor, quedandosé uno en su poder ",$K$19," por la firma visitada.")
A14: =IF(ISBLANK('Identificación del Instrumento'!B17),"",CONCATENATE("ACTA DE ",'Identificación del Instrumento'!B17))
A16: =CONCATENATE("N° O.T.: ",'Identificación del Instrumento'!B4," ",'Identificación del Instrumento'!A5," ",'Identificación del Instrumento'!B5) | J16: Completar datos en celdas J18; K19; K20 y K21 | T16: DATOS DEL AGENTE VERIFICADOR | V16: TIPO DE DOCUMENTO RESPONSABLE
A18: =IF($J$29=6,CONCATENATE($J$1,$J$2),"¡Completar datos del acta!") | J18: 15:00 | M18: Hora de finalización de la tarea | S18: Nombre | T18: =+'Datos de Ensayos'!E4 | V18: D.N.I.
K19: Jaime Angel | M19: Responsable de la firma (QUIEN SE HACE CARGO) | S19: Tipo y Nº Doc. | T19: =VLOOKUP($T$18,'Datos de Ensayos'!$AC$3:$AG$21,2,0) | V19: L.E.
J20: D.N.I. | K20: 41819858 | M20: Tipo y Nº documento del Responsable | S20: Carnet Nº | T20: =VLOOKUP($T$18,'Datos de Ensayos'!$AC$3:$AG$21,3,0) | V20: L.C.
J21: e-mail - TE | K21: angeljaime809@gmail.com | M21: contacto del Responsable | V21: C.I.
J22: operario de báscula | M22: Cargo dentro de la firma | S22: Resolución habilitante | T22: =VLOOKUP($T$18,'Datos de Ensayos'!$AC$3:$AG$21,4,0) | V22: Pasaporte
J23: =IF(COUNTA('Identificación del Instrumento'!$B$19)=1,'Identificación del Instrumento'!$B$19,CONCATENATE('Identificación del Instrumento'!$B$15," de la localidad de ",'Identificación del Instrumento'!$B$16,", provincia de ",'Identificación del Instrumento'!$F$16)) | M23: Lugar de Ubicación del instrumento (automático)
J24: =IF(ISBLANK('Identificación del Instrumento'!$C$18),"",CONCATENATE('Identificación del Instrumento'!$C$18," de ")) | M24: Nombre específico del lugar del instrumento (automático) | V24: e-mail - TE
J25: =IF('Identificación del Instrumento'!$B$17="VERIFICACIÓN PERIÓDICA","informe")
J26: =IF('Identificación del Instrumento'!$B$17="VERIFICACIÓN PERIÓDICA"," previsto en la Resolución Nº 611/2019 de la SECRETARÍA DE COMERCIO INTERIOR y sus modificatorias",IF('Identificación del Instrumento'!$B$17="APROBACIÓN DE MODELO DE EFECTO LIMITADO"," previsto por el punto 2, Cap. II del Anexo I de la Resolución Nº 611/2019 de la SECRETARÍA DE COMERCIO INTERIOR"," previsto por el punto 3, Cap. II del Anexo I de la Resolución Nº 611/2019 de la SECRETARÍA DE COMERCIO INTERIOR"))
J27: =IF('Identificación del Instrumento'!$B$17="VERIFICACIÓN PERIÓDICA","1 del Cap. I y 1 del Cap. III",(IF('Identificación del Instrumento'!$B$17="APROBACIÓN DE MODELO DE EFECTO LIMITADO","1 del Cap. I y 2 del Cap. II","1 del Cap. I y 3 del Cap. II"))) | N27: TIPOS DE COMPONENTES DE LA BALANZA
J28: =IF('Identificación del Instrumento'!$B$17="VERIFICACIÓN PERIÓDICA","1 del Cap. III del Anexo I",(IF('Identificación del Instrumento'!$B$17="APROBACIÓN DE MODELO DE EFECTO LIMITADO","2 del Cap. II del Anexo I","3 del Cap. II del Anexo I")))
J29: =COUNTIF(K29:K34,"=FALSO") | K29: =ISBLANK(J18) | L29: =IF('Identificación del Instrumento'!$B$17="VERIFICACIÓN PERIÓDICA","b)","a)") | N29: PLATAFORMA | P29: INDICADOR
K30: =ISBLANK(K19) | L30: =IF('Identificación del Instrumento'!$B$17="VERIFICACIÓN PERIÓDICA","dos (2)","tres (3)") | N30: =IF('Identificación del Instrumento'!$F$23="electrónica","","tipo mecánica ") | P30: =IF(ISBLANK('Identificación del Instrumento'!$F$23),"",IF('Identificación del Instrumento'!$F$23="mecánica","mecánico","electrónico"))
A31: =IF(COUNTBLANK(Informe!$F$20:$F$25)=6,CONCATENATE($J$3,$J$4),"¡LA BALANZA NO CUMPLE!") | K31: =ISBLANK(K20)
K32: =ISBLANK(J22)
K33: =AND(ISBLANK('Identificación del Instrumento'!$B$19),ISBLANK('Identificación del Instrumento'!$B$15),ISBLANK('Identificación del Instrumento'!$B$16),ISBLANK('Identificación del Instrumento'!$F$16))
K34: =ISBLANK(J24)
N37: ENSAYOS EFECTUADOS
N38: =IF(Informe!$G$23=Informe!$J$2,""," fidelidad")
N39: =IF(Informe!$G$22=Informe!$J$2,"",", excentricidad")
A40: =IF($J$29=6,J5,"¡Completar datos del acta!") | N40: =IF(Informe!$G$24=Informe!$J$2,"",", movilidad")
N41: =IF(Informe!$G$20=Informe!$J$2,"",IF(AND(N42="",N43="")," y errores de indicación",", errores de indicación"))
N42: =IF(Informe!$G$21=Informe!$J$2,"",", desvíos entre resultados")
N43: =IF(Informe!$G$25=Informe!$J$2,""," y efecto máximo del dispositivo de puesta a cero")
A44: =IF($J$29=6,J6,"¡Completar datos del acta!") | N44: =CONCATENATE($N$38,$N$39,$N$40,$N$41,$N$42,$N$43)
A57: =+K19 | F57: =+T18
A58: =+'Identificación del Instrumento'!C14 | F58: Programa de Metrología Legal - INTI
A59: =K21

Sheet Acta Precintos
A10: ACTA DE PRECINTADO
K11: En las Balanzas tipo Electronicas se debe precintar en:
A13: Fecha: | B13: =IF(ISBLANK('Identificación del Instrumento'!J2),"",'Identificación del Instrumento'!J2) | K13: Cabezal electrónico
A14: Objeto: | B14: =IF(ISBLANK('Identificación del Instrumento'!B22)," ",'Identificación del Instrumento'!B22) | K14: Cajas de ecualización
A15: Fabricante / Importador: | C15: Receptor: | D15: =IF(ISBLANK('Identificación del Instrumento'!B24),"",'Identificación del Instrumento'!B24) | F15: Indicador: | G15: =IF(ISBLANK('Identificación del Instrumento'!F24),"",'Identificación del Instrumento'!F24) | K15: Celdas de carga
A16: Modelo: | C16: Receptor: | D16: =IF(ISBLANK('Identificación del Instrumento'!B25),"",'Identificación del Instrumento'!B25) | F16: Indicador: | G16: =IF(ISBLANK('Identificación del Instrumento'!F25),"",'Identificación del Instrumento'!F25) | K16: Cableado
A17: Número de Serie: | C17: Receptor: | D17: =IF(ISBLANK('Identificación del Instrumento'!B26),"",'Identificación del Instrumento'!B26) | F17: Indicador: | G17: =IF(ISBLANK('Identificación del Instrumento'!F26),"",'Identificación del Instrumento'!F26)
A18: Cód. de aprob. de modelo: | C18: Receptor: | D18: =IF(ISBLANK('Identificación del Instrumento'!B27),"",'Identificación del Instrumento'!B27) | F18: Indicador: | G18: =IF(ISBLANK('Identificación del Instrumento'!F27),"",'Identificación del Instrumento'!F27)
A19: Propietario o Permisionario: | C19: =IF(ISBLANK('Identificación del Instrumento'!C14),"",'Identificación del Instrumento'!C14)
A20: ='Acta Verificación '!A16:F16
K21: En las Balanzas tipo Híbridas se debe precintar en:
B22: =IF(ISBLANK('Identificación del Instrumento'!F23)," ",CONCATENATE("Balanza ",'Identificación del Instrumento'!F23)) | K22: Contrapeso de cero
B23: Ubicación | E23: Nº Precinto / Tipo (1) | K23: Contrapeso móvil del brazo
B24: Placa identificatoria | C24: del receptor | E24: (a) I18850 | K24: Tapa columna contra leva | Q24: =IF(ISBLANK(F24),"",F24) | S24: =IF(ISBLANK(E24),"",IF(ISBLANK(E25),CONCATENATE("",B24," ",C24, " ",E24),CONCATENATE("",B24," ",C24," ",E24)))
C25: del indicador | E25: (a) K26189 | K25: Levas | S25: =IF(ISBLANK(E25),"",IF(ISBLANK(E26),CONCATENATE(" y ",B24," ",C25," ",E25),CONCATENATE(", ",B24," ",C25," ",E25)))
B26: Indicador | E26: (a) B 79079, B 79080 (07/10/25) | K26: Barras de mando | S26: =IF(ISBLANK(E26),"",IF(ISBLANK(E27),CONCATENATE(", ",B26, " ",E26),CONCATENATE(", ",B26," ",E26)))
B27: Caja de ecualización | E27: (a) B 79081, B 79082 (07/10/25) | K27: Barra de transmisión | S27: =IF(ISBLANK(E27),"",IF(ISBLANK(E28),CONCATENATE(", ",B27, " ",E27),CONCATENATE(", ",B27," ",E27)))
B28: Cable de celda | E28: (a) 2143932 | K28: Entrada de hombre a fosa | S28: =IF(ISBLANK(E28),"",IF(ISBLANK(E29),CONCATENATE(" y ",B28, " ",E28),CONCATENATE(", ",B28," ",E28)))
B29: Verificado | E29: (a) 1036542 (07/10/25) | S29: =IF(ISBLANK(E29),"",IF(ISBLANK(E30),CONCATENATE(" y ",B29, " ",E29),CONCATENATE(", ",B29," ",E29)))
S30: =IF(ISBLANK(E30),"",IF(ISBLANK(E31),CONCATENATE(" y ",B30, " ",E30),CONCATENATE(", ",B30," ",E30)))
K31: Cabezal electrónico | S31: =IF(ISBLANK(E31),"",IF(ISBLANK(E32),CONCATENATE(" y ",B31, " ",E31),CONCATENATE(", ",B31," ",E31)))
K32: Celda de carga | S32: =IF(ISBLANK(E32),"",IF(ISBLANK(E33),CONCATENATE(" y ",B32, " ",E32),CONCATENATE(", ",B32," ",E32)))
K33: Cableado | S33: =IF(ISBLANK(E33),"",IF(ISBLANK(E34),CONCATENATE(" y ",B33, " ",E33),CONCATENATE(", ",B33," ",E33)))
S34: =IF(ISBLANK(E34),"",IF(ISBLANK(E35),CONCATENATE(" y ",B34, " ",E34),CONCATENATE(", ",B34," ",E34)))
S35: =IF(ISBLANK(E35),"",IF(ISBLANK(E36),CONCATENATE(" y ",B35, " ",E35),CONCATENATE(", ",B35," ",E35)))
S36: =IF(ISBLANK(E36),"",IF(ISBLANK(E37),CONCATENATE(" y ",B36, " ",E36),CONCATENATE(", ",B36," ",E36)))
S37: =IF(ISBLANK(E37),"",IF(ISBLANK(E38),CONCATENATE(" y ",B37, " ",E37),CONCATENATE(", ",B37," ",E37)))
S38: =IF(ISBLANK(E38),"",IF(ISBLANK(E39),CONCATENATE(" y ",B38, " ",E38),CONCATENATE(", ",B38," ",E38)))
S39: =IF(ISBLANK(E39),"",IF(ISBLANK(E40),CONCATENATE(" y ",B39, " ",E39),CONCATENATE(", ",B39," ",E39)))
S40: =IF(ISBLANK(E40),"",IF(ISBLANK(E41),CONCATENATE(" y ",B40, " ",E40),CONCATENATE(", ",B40," ",E40)))
S41: =IF(ISBLANK(E41),"",IF(ISBLANK(E42),CONCATENATE(" y ",B41, " ",E41),CONCATENATE(", ",B41," ",E41)))
S42: =IF(ISBLANK(E42),"",IF(ISBLANK(E43),CONCATENATE(" y ",B42, " ",E42),CONCATENATE(", ",B42," ",E42)))
S43: =IF(ISBLANK(E43),"",IF(ISBLANK(E44),CONCATENATE(" y ",B43, " ",E43),CONCATENATE(", ",B43," ",E43)))
S44: =IF(ISBLANK(E44),"",IF(ISBLANK(E45),CONCATENATE(" y ",B44, " ",E44),CONCATENATE(", ",B44," ",E44)))
S45: =IF(ISBLANK(E45),"",IF(ISBLANK(E46),CONCATENATE(" y ",B45, " ",E45),CONCATENATE(", ",B45," ",E45)))
S46: =IF(ISBLANK(E46),"",IF(ISBLANK(E47),CONCATENATE(" y ",B46, " ",E46),CONCATENATE(", ",B46," ",E46)))
S47: =IF(ISBLANK(E47),"",IF(ISBLANK(E49),CONCATENATE(" y ",B47, " ",E47),CONCATENATE(", ",B47," ",E47)))
A49: Los precintos sólo se pueden romper ante la presencia del INTI o por reparador auditado de acuerdo a lo establecido en la Resolución 611-2019 y sus modificatorias. | K49: En las Balanzas tipo Mecánicas se debe precintar en: | S49: =CONCATENATE(S24,S25,S26,S27,S28,S29,S30,S31,S32,S33,S34,S35,S36,S37,S38,S39,S40,S41,S42,S43,S44,S45,S46,S47)
A51: Listado de reparadores auditados: | K51: Contrapeso de cero
A52: https://www.inti.gob.ar/areas/metrologia-y-calidad/metrologia/metrologia-legal/empresas-reparadoras-auditadas | K52: Contrapeso móvil del brazo
A53: https://www.argentina.gob.ar/empresas-acreditadascertificadas | K53: Tapa columna contra leva
K54: Levas
K55: Barras de mando
K56: Barra de transmisión
K57: Entrada de hombre a fosa
A59: (1) Indicar tipo de precinto. (l): lazo (a): autoadhesivo
A60: (2) Indicar que parte de la balanza no se puede precintar y por qué.
A69: =+'Acta Verificación '!K19 | F69: =+'Acta Verificación '!F57:H57
A70: =+'Identificación del Instrumento'!C14 | F70: =+'Identificación del Instrumento'!E61

Sheet Informe
A1: Revisó - aprobó: | C1: =CONCATENATE('Datos de Ensayos'!E3," - ",'Datos de Ensayos'!E4)
J2: Ö
A4: =IF(('Identificación del Instrumento'!B17)="VERIFICACIÓN PERIÓDICA",CONCATENATE("INFORME DE ",'Identificación del Instrumento'!B17),CONCATENATE("INFORME DE ENSAYO"))
A5: =CONCATENATE("N° O.T.: ",'Identificación del Instrumento'!B4) | I5: =IF(ISBLANK('Datos de Ensayos'!E6),"Falta No.parcial","") | N5: MARGENES DE CERTIFICADO
A6: =IF(OR(ISBLANK('Identificación del Instrumento'!B22),ISBLANK('Identificación del Instrumento'!D29),ISBLANK('Identificación del Instrumento'!D30),ISBLANK('Identificación del Instrumento'!F30)),"",CONCATENATE("Instrumento: ",'Identificación del Instrumento'!B22,", de capacidad máxima ",'Datos de Ensayos'!I18," kg,"," mínima división ",'Datos de Ensayos'!E18," kg, clase ",'Datos de Ensayos'!J17,", de tipo ",'Datos de Ensayos'!E17,".")) | P6: SUP 6,0 | S6: ENCAB 6,0
A7: =CONCATENATE("Fabricante / importador: ",IF(AND('Identificación del Instrumento'!B23<>"",'Identificación del Instrumento'!F23<>"",'Identificación del Instrumento'!B23<>'Identificación del Instrumento'!F23),CONCATENATE(," Receptor: ",'Identificación del Instrumento'!B23," / Indicador: ",'Identificación del Instrumento'!D23),IF('Identificación del Instrumento'!B23='Identificación del Instrumento'!F23,'Identificación del Instrumento'!B23,""))) | N7: IZQ 1,0 | R7: DER 1,0
A8: =CONCATENATE("Marca: ",IF(AND('Identificación del Instrumento'!B24<>"",'Identificación del Instrumento'!F24<>"",'Identificación del Instrumento'!B24<>'Identificación del Instrumento'!F24),CONCATENATE(," Receptor: ",'Identificación del Instrumento'!B24," / Indicador: ",'Identificación del Instrumento'!F24),IF('Identificación del Instrumento'!B24='Identificación del Instrumento'!F24,'Identificación del Instrumento'!B24,"")))
A9: =CONCATENATE("Modelo: ",IF(AND('Identificación del Instrumento'!B25<>"",'Identificación del Instrumento'!F25<>"",'Identificación del Instrumento'!B25<>'Identificación del Instrumento'!F25),CONCATENATE(," Receptor: ",'Identificación del Instrumento'!B25," / Indicador: ",'Identificación del Instrumento'!F25),IF('Identificación del Instrumento'!B25='Identificación del Instrumento'!F25,'Identificación del Instrumento'!B25,"")))
A10: =CONCATENATE("Número de serie: ",IF(AND('Identificación del Instrumento'!B26<>"",'Identificación del Instrumento'!F26<>"",'Identificación del Instrumento'!B26<>'Identificación del Instrumento'!F26),CONCATENATE(," Receptor: ",'Identificación del Instrumento'!B26," / Indicador: ",'Identificación del Instrumento'!F26),IF('Identificación del Instrumento'!B26='Identificación del Instrumento'!F26,'Identificación del Instrumento'!B26,""))) | I10: =IF(ISBLANK('Datos de Ensayos'!E14),"Falta No. serie","")
A11: =CONCATENATE("Origen: ",IF(AND('Identificación del Instrumento'!B28<>"",'Identificación del Instrumento'!F28<>"",'Identificación del Instrumento'!B28<>'Identificación del Instrumento'!F28),CONCATENATE(," Receptor: ",'Identificación del Instrumento'!B28," / Indicador: ",'Identificación del Instrumento'!F28),IF('Identificación del Instrumento'!B28='Identificación del Instrumento'!F28,'Identificación del Instrumento'!B28,"")))
A12: =CONCATENATE("N° de Aprobación de Modelo: ",IF(AND('Identificación del Instrumento'!B31<>"",'Identificación del Instrumento'!F31<>"",'Identificación del Instrumento'!B28<>'Identificación del Instrumento'!F31),CONCATENATE(," Receptor: ",'Identificación del Instrumento'!B31," / Indicador: ",'Identificación del Instrumento'!F31),IF('Identificación del Instrumento'!B31='Identificación del Instrumento'!F31,'Identificación del Instrumento'!B31,"")))
A13: =CONCATENATE("Fecha de Aprobación de Modelo: ",IF(AND('Identificación del Instrumento'!B32<>"",'Identificación del Instrumento'!F32<>"",'Identificación del Instrumento'!B29<>'Identificación del Instrumento'!F32),CONCATENATE(," Receptor: ",'Identificación del Instrumento'!B32," / Indicador: ",'Identificación del Instrumento'!F32),IF('Identificación del Instrumento'!B32='Identificación del Instrumento'!F32,'Identificación del Instrumento'!B32,"")))
A14: =CONCATENATE("Código de aprobación de modelo: ",IF(AND('Identificación del Instrumento'!B27<>"",'Identificación del Instrumento'!F27<>"",'Identificación del Instrumento'!B27<>'Identificación del Instrumento'!F27),CONCATENATE("Receptor "," ", 'Identificación del Instrumento'!B27," / Indicador ",'Identificación del Instrumento'!F27),IF('Identificación del Instrumento'!B27='Identificación del Instrumento'!F27,'Identificación del Instrumento'!B27,""))) | I14: =IF(ISBLANK('Datos de Ensayos'!E14),"Falta identificacion","") | P14: INF 6,0 | S14: PIE 6,0
A15: =CONCATENATE("Precintos Nº: ",'Acta Precintos'!S49,".") | I15: =IF(ISBLANK('Datos de Ensayos'!E8),"Falta Razón social","") | N15: ESCALA 80%
A16: =IF((AND(ISBLANK('Identificación del Instrumento'!B19),ISBLANK('Identificación del Instrumento'!F20))),CONCATENATE("Lugar de instalacion: ",IF('Identificación del Instrumento'!F16="Ciudad Autónoma de Buenos Aires",('Identificación del Instrumento'!B15&" de la "&'Identificación del Instrumento'!F16&"."),('Identificación del Instrumento'!B15&" de la localidad de "&'Identificación del Instrumento'!B16&", provincia de "&'Identificación del Instrumento'!F16&"."))), CONCATENATE("Lugar de instalación: ",IF(ISBLANK('Identificación del Instrumento'!C18),"",'Identificación del Instrumento'!C18&" - "),IF('Identificación del Instrumento'!F20="Ciudad Autónoma de Buenos Aires",('Identificación del Instrumento'!B19&" de la "&'Identificación del Instrumento'!F20&"."),('Identificación del Instrumento'!B19&" de la localidad de "&'Identificación del Instrumento'!B20&", provincia de "&'Identificación del Instrumento'!F20&"."))))
A17: Determinación requerida: | C17: =IF(COUNTA('Identificación del Instrumento'!$B$22)=1,VLOOKUP('Identificación del Instrumento'!$J$22,Informe!$I$17:$J$18,2,FALSE),"") | I17: 1 | J17: Verificación del cumplimiento con la Reglamentación Metrológica y Técnica correspondiente a la Resolución ex S.E.C. y N.E.I. N° 2307/1980 y su modificatoria. | U17: Párrafos de la Reglamentación Metrológica y Técnica, Resolución 2307/80
A18: Conclusión: En la tabla siguiente figuran las verificaciones efectuadas y las conclusiones obtenidas. | I18: 2 | J18: Verificación del cumplimiento con las Reglamentaciones Metrológica y Técnica correspondientes a las Resoluciones S.C.D. y D.C. N° 119/2001, ex S.E.C. y N.E.I. N° 2307/1980 y su modificatoria . | U18: Párrafos de las Reglamentaciones Metrológica y Técnica, Resoluciones 2307/80 y 119/2001 (*)
A19: =IF(COUNTA('Identificación del Instrumento'!$B$22)=1,VLOOKUP('Identificación del Instrumento'!$J$22,$I$17:$V$18,13,FALSE),"") | D19: Satisface | F19: No satisface | G19: No aplicable
A20: 9 | B20: Errores de indicación | D20: =J2
A21: 11.1.1 | B21: Desvíos entre resultados | G21: =+J2
A22: =IF('Identificación del Instrumento'!B22="Balanza tipo tolva","ESCONDER",(IF(COUNTA('Identificación del Instrumento'!$B$22)=1,VLOOKUP('Identificación del Instrumento'!$B$22,'Ensayos Efectuados'!$N$125:$R$136,5,FALSE),""))) | B22: =IF(OR(A22="ESCONDER",A22="N/A"),"ESCONDER","Excentricidad") | D22: =IF($B$22="ESCONDER","ESCONDER",IF(COUNT('Datos de Ensayos'!K70:K81)>1,IF('Datos de Ensayos'!K82=0,J2,""),"")) | F22: =IF($B$22="ESCONDER","",IF('Datos de Ensayos'!K82>0,J2,"")) | G22: =IF($B$22="ESCONDER","ESCONDER"," ") | I22: =IF(OR('Identificación del Instrumento'!B22="Balanza tipo tolva",'Identificación del Instrumento'!B22="Balanza de carga directamente suspendida (de gancho)"),"<=== Esconder fila 'Excentricidad' "," ")
A23: 14.1.2. | B23: Fidelidad | D23: =IF(ISNUMBER('Datos de Ensayos'!$N$135),IF(('Datos de Ensayos'!$N$135=0),J2,""),"") | F23: =IF(ISNUMBER('Datos de Ensayos'!$N$135),IF(('Datos de Ensayos'!$N$135=1),J2,""),J2)
A24: =IF('Identificación del Instrumento'!F23="Mecánica","14.2.1.1.","14.2.2.1.2.") | B24: Movilidad | D24: =+IF(AND(COUNTA('Datos de Ensayos'!E61:E63)=3,'Datos de Ensayos'!K61="si",'Datos de Ensayos'!K62="si",'Datos de Ensayos'!K63="si"),J2,"") | F24: =+IF(OR(COUNTA('Datos de Ensayos'!E61:E63)<3,'Datos de Ensayos'!K61="no",'Datos de Ensayos'!K62="no",'Datos de Ensayos'!K63="no"),J2,"")
A25: A.3.2.2. | B25: Efecto máximo del dispositivo de puesta a cero | D25: =+IF('Datos de Ensayos'!G56="no supera",$J$2,"") | F25: =+IF('Datos de Ensayos'!G56="supera",J2,"") | G25: =+IF('Datos de Ensayos'!G56="x",J2,"")
A26: Evaluación de la concordancia con el modelo aprobado | D26: =$J$2 | F26: =+IF('Datos de Ensayos'!G57="supera",J3,"") | G26: =+IF('Datos de Ensayos'!G57="x",J3,"")
A27: =IF(COUNTBLANK(F20:F25)=6,"La balanza satisface los requisitos reglamentarios.","La balanza no satisface los requisitos reglamentarios.")
A28: =CONCATENATE("Fecha de la verificación: ") | D28: ='Identificación del Instrumento'!J2
A29: =CONCATENATE("Fecha de emisión: ") | D29: =TODAY()
A30: =CONCATENATE("Fecha de vencimiento: ") | D30: ='Identificación del Instrumento'!J3
A31: Los registros de verificación se encuentran archivados en el INTI.
A32: Las mediciones involucradas en este informe están vinculadas a los patrones de medida mantenidos en el INTI según la legislación vigente, los cuales representan a las unidades físicas de medida en concordancia con el Sistema Internacional de Unidades (SI).
A33: Usuario: | B33: =IF(ISBLANK('Identificación del Instrumento'!$C$14),"",'Identificación del Instrumento'!$C$14)
B34: =IF(ISBLANK('Identificación del Instrumento'!$B$15),"",'Identificación del Instrumento'!$B$15)
B35: =CONCATENATE('Datos de Ensayos'!$E$9,IF('Identificación del Instrumento'!F16="Ciudad Autónoma de Buenos Aires",""," - Provincia de "),'Datos de Ensayos'!$I$9)
A79: Excentricidad:
B80: ='Datos de Ensayos'!F82 | C80: ='Datos de Ensayos'!F68 | E80: ='Datos de Ensayos'!#REF! | H80: 2
A81: Se utilizó una carga aproximada de
B82: =TEXT('Datos de Ensayos'!E68,"0") | C82: ='Datos de Ensayos'!F68 | E82: =+'Datos de Ensayos'!H112
A85: =IF(#REF!=0,"El instrumento cumple con las tolerancias establecidas en el punto 9.1.1. de la Resolución 2307 de la Secretaría de Comercio ","El instrumento no cumple con las tolerancias establecidas en el punto 9.1.1. de la Resolución 2307 de la Secretaría de Comercio")
A89: Los valores de incertidumbre de medición que aparecen en la tabla de errores de indicación fueron calculados combinando la incertidumbre de las pesas patrones, y los componentes asociados a la fidelidad y resolución de la balanza. La incertidumbre standard asociada a las combinaciones de pesas patrones utilizadas resultó siempre menor que
A95: kg, para todos los valores de carga aplicados. El componente asociado a la fidelidad fue estimado estadísticamente. El componente asociado a la resolución fue calculado considerando una distribución rectangular a partir de la mínima división de la balanza. La incertidumbre expandida informada fue calculada multiplicando la incertidumbre standard combinada por un factor de cubrimiento k = 2 lo cual corresponde a un nivel de confianza del 95% para una distribución normal.

Sheet Reporte
A1: Identificacion del solicitante | B1: C.U.I.T. del solicitante | C1: Número de Certificado | D1: Denominacion del instrumento | E1: Marca | F1: Modelo | G1: Origen | H1: Numero de serie | I1: Ubicación del instrumento (solo para instrumentos de instalacion fija) | J1: Fecha de emision del certificado | K1: Laboratorio interviniente | L1: Numero de informe de ensayo emitido por el laboratorio interviniente
A2: ='Identificación del Instrumento'!B33 | B2: ='Identificación del Instrumento'!B34 | C2: Para completar por OC | D2: =+Informe!A6 | E2: =Informe!A8 | F2: =Informe!A9 | G2: =Informe!A11 | H2: =Informe!A10 | I2: =Informe!A16 | J2: Para completar por OC | K2: INTI DT de METROLOGIA LEGAL | L2: =+Informe!A5

Sheet certificado OC
F1: Fecha de emisión: | H1: =TODAY()
F2: Fecha de vencimiento: | H2: =+Informe!D30
A8: CERTIFICADO DE VERIFICACION PERIODICA N° ML-VPE-301-INTI-2307/80-0001
A12: =CONCATENATE( "En virtud de la presentación realizada por la firma ", 'Identificación del Instrumento'!B33, ", C.U.I.T. Nº ", 'Identificación del Instrumento'!B34, " habiéndose analizado los antecedentes y considerando que se han cumplido con los requisitos establecidos, se certifica que el instrumento presentado a la Verificación periódica, reúne los requisitos establecidos en la Resolución ex - S. C. I. Nº 611/2019", " y sus modificatorias y cumple con las especificaciones y tolerancias establecidas en el Reglamento Técnico y Metrológico Aplicable, según los “Informes de Ensayos” correspondiente a los Números:", 'Identificación del Instrumento'!B4, ", emitido por el laboratorio INTI -DT Metrología Legal " )
A14: =+Informe!A7
A15: =+Informe!A6
A16: =Informe!A8
A17: =+Informe!A9
A18: =+Informe!A10
A19: =Informe!A11
A20: Cantidad: 1
A21: Características metrológicas:
B22: Máx.: | C22: ='Identificación del Instrumento'!D29
B23: Mín.: | C23: ='Identificación del Instrumento'!F29
B24: e:dd: | C24: ='Identificación del Instrumento'!B30
B25: Clase | C25: ='Identificación del Instrumento'!F30
A26: =Informe!A16
A27: Responsable: | B27: =+Informe!B33
A28: Reglamento Metrologico aplicable: | B28: Resolución de la ex-SECYNEI Nº 2307/1980 y su modificatoria.
A29: Fecha de finalizacion de los ensayos: | B29: =Informe!D28
A30: =Informe!A14
A31: =Informe!A12
A32: =Informe!A13
A33: Fecha de aprobacion de variante: | B33: No aplica
A34: Nro. aprobacion de variante de modelo: | B34: No aplica
A35: Fecha de aprobacion de variante de modelo: | B35: No aplica
A36: Numero de precintos: | B36: =+Informe!A15
A37: Resultado de la verificacion periodica | B37: El instrumento satisface los requisitos reglamentarios
A38: Nota: Orden de trabajo OC
H41: Fin del certificado
A50: =IF(OR(ISBLANK('Identificación del Instrumento'!B22),ISBLANK('Identificación del Instrumento'!D29),ISBLANK('Identificación del Instrumento'!D30),ISBLANK('Identificación del Instrumento'!F30)),"",CONCATENATE("Características metrológicas: Máx.: ",'Datos de Ensayos'!I18," kg,"," e:dd: ",'Datos de Ensayos'!E18," kg, clase: ",'Datos de Ensayos'!J17,""))

Sheet Acta Suspensión
N3: =CONCATENATE("En la localidad de ",'Identificación del Instrumento'!$D$4,", provincia de ",'Identificación del Instrumento'!$D$5,", siendo las ",$J$18," horas del día ",TEXT('Identificación del Instrumento'!J2,"d/mm/yyyy"),", en virtud de la solicitud y declaración jurada presentada por la firma ",'Identificación del Instrumento'!$C$14,", conforme el punto ",$J$27," de la Resolución Nº 611/2019 de la SECRETARÍA DE COMERCIO INTERIOR, el ",$T$18,", ",$T$19,", habilitado por el INSTITUTO NACIONAL DE TECNOLOGÍA INDUSTRIAL (I.N.T.I.), con credencial acreditante N° ",$T$20,", que en este acto se exhibe")
N4: =CONCATENATE(", en ejecución y en ejercicio de las facultades conferidas por la ley Nº 19.511, "&" el inciso l) del Artículo 2 del Decreto Reglamentario N° 960/2017, el inciso ",L28, " del Artículo 1 de la Resolución E 8/2018 del 10 de enero del 2018 de la Secretaría de Comercio y los puntos ",$J$26," ambos del Anexo I la citada Resolución Nº 611/2019, procede a hacerse presente en ",$J$23,"la firma citada, ubicada en ",$J$22,", siendo recibido por quien acredita ser ",$K$19,", ",$J$20," Nº ",$K$20,", quien se desempeña en la firma como ",$J$21," y suscribe este instrumento en prueba de conformidad.")
N5: =CONCATENATE("A continuación se deja constancia que la ",'Identificación del Instrumento'!B17," respecto de los siguientes elementos: ",'Identificación del Instrumento'!$B$22," de tipo ",'Identificación del Instrumento'!$F$23,", compuesta por una plataforma receptora de cargas ",$N$29,"marca ",'Identificación del Instrumento'!$B$24,", modelo ",'Identificación del Instrumento'!$B$25,", N° de serie ",'Identificación del Instrumento'!$B$26,", código de aprobación de modelo ",'Identificación del Instrumento'!$B$27,", e indicador ",$P$29," de cargas marca ",'Identificación del Instrumento'!$F$24,", modelo ",'Identificación del Instrumento'!$F$25,", N° de serie ",'Identificación del Instrumento'!$F$26,", código de aprobación de modelo ",'Identificación del Instrumento'!$F$27,";")
N6: =CONCATENATE(" características metrológicas: capacidad máxima Máx.= ",'Identificación del Instrumento'!$D$29," kg; capacidad mínima Mín. = ",'Identificación del Instrumento'!$F$29," kg; e=dd=dt=",'Identificación del Instrumento'!$D$30," kg; clase ",'Identificación del Instrumento'!$F$30,", prevista para el día de la fecha, se suspende por el siguiente motivo: ",'Informe Suspensión'!J16,".")
N7: =CONCATENATE("Sin más, se cierra el acto firmando como constancia el agente verificador y ",$K$19," por la firma ",'Identificación del Instrumento'!$C$14,".")
N8: =CONCATENATE("Del presente se suscriben dos ejemplares de igual tenor, quedando uno en poder de ",$K$19," por la firma visitada.")
J10: ¿Porqué se suspendió?: | L10: Errores de indicación
A14: =IF('Acta Verificación '!A31="¡LA BALANZA NO CUMPLE!"," ACTA ","NO IMPRIMIR")
AB15: Efecto máximo del dispositivo de puesta a cero | AC15: =CONCATENATE("NO CUMPLE con el ",AD15, " ",AE15) | AD15: punto A.3.2.2 de la Resolución S.C. y N.E.I. Nº 2307/80 | AE15: (Efecto máximo del dispositivo de puesta a cero).
A16: =CONCATENATE("O.T. Nº: ",'Identificación del Instrumento'!B4," ",'Identificación del Instrumento'!A5," ",'Identificación del Instrumento'!B5) | J16: Completar datos en celdas J18; K19; K20 y K21 | S16: Los datos del verificador vienen de la hoja Datos de Ensayo celdas E3 y AC4 hasta AF36 respectivamente | V16: TIPO DE DOCUMENTO RESPONSABLE | AB16: Errores de indicación | AC16: =CONCATENATE("NO CUMPLE con el ",AD16, " ",AE16) | AD16: punto 9.1.1 de la Resolución S.C. y N.E.I. Nº 2307/80 | AE16: (Errores de indicación)
AB17: Fidelidad | AC17: =CONCATENATE("NO CUMPLE con el ",AD17, " ",AE17) | AD17: punto 14.1.2 de la Resolución S.C. y N.E.I. Nº 2307/80 | AE17: (Fidelidad).
A18: =IF($J$28=6,CONCATENATE($N$3,$N$4),"¡Completar datos del acta!") | J18: 15:00 | M18: Hora de finalización de la tarea | S18: Nombre | T18: =IF(COUNTA('Datos de Ensayos'!$E$4)=1,'Datos de Ensayos'!$E$4,"") | V18: D.N.I. | W18: Sr. | AB18: Movilidad (balanza mecánica de eq. no automático) | AC18: =CONCATENATE("NO CUMPLE con el ",AD18, " ",AE18) | AD18: punto 14.2.1.1 de la Resolución S.C. y N.E.I. Nº 2307/80 | AE18: (Movilidad).
K19: ='Acta Verificación '!K19:L19 | M19: Responsable de la firma (QUIEN SE HACE CARGO) | S19: Tipo y Nº Doc. | T19: =IF($T$18<>"",VLOOKUP($T$18,'Datos de Ensayos'!$AC$3:$AF$34,2,FALSE),"") | V19: L.E. | W19: Sra. | AB19: Movilidad (balanza mecánica de eq. automático indicación contínua) | AC19: =CONCATENATE("NO CUMPLE con el ",AD19, " ",AE19) | AD19: punto 14.2.2.1.1 de la Resolución S.C. y N.E.I. Nº 2307/80 | AE19: (Movilidad).
J20: D.N.I. | K20: ='Acta Verificación '!K20:L20 | M20: Tipo y Nº documento del Responsable | S20: Carnet Nº | T20: =IF($T$18<>"",VLOOKUP($T$18,'Datos de Ensayos'!$AC$3:$AF$34,3,FALSE),"") | V20: L.C. | W20: Srta. | AB20: Movilidad (balanza mecánica de eq. Automático indicación discontínua) | AC20: =CONCATENATE("NO CUMPLE con el ",AD20, " ",AE20) | AD20: punto 14.2.2.1.2 de la Resolución S.C. y N.E.I. Nº 2307/80 | AE20: (Movilidad).
J21: ='Acta Verificación '!J22:L22 | M21: Cargo dentro de la firma | S21: Res habilitante | T21: =IF($T$18<>"",VLOOKUP($T$18,'Datos de Ensayos'!$AC$3:$AF$34,4,FALSE),"") | V21: C.I. | AB21: Excentricidad (capacidad máxima menor o igual a 30 kg) | AC21: =CONCATENATE("NO CUMPLE con el ",AD21, " ",AE21) | AD21: punto 9.1.1 para el ensayo previsto en el punto 13.3, ambos de la Resolución S.C. y N.E.I. Nº 2307/80 | AE21: (Excentricidad).
J22: =CONCATENATE('Identificación del Instrumento'!$B$19,", de la localidad de ",'Identificación del Instrumento'!$B$20,", provincia de ",'Identificación del Instrumento'!$F$20) | M22: Lugar de Ubicación del instrumento (automático) | V22: Pasaporte | AB22: Excentricidad (tolvas) | AC22: =CONCATENATE("NO CUMPLE con el ",AD22, " ",AE22) | AD22: punto 9.1.1. para el ensayo previsto en el punto 13.4.1 ambos de la Resolución S.C. y N.E.I. Nº 2307/80 | AE22: (Excentricidad).
J23: =IF(ISBLANK('Identificación del Instrumento'!$C$18),"",CONCATENATE('Identificación del Instrumento'!$C$18," de ")) | M23: Nombre específico del lugar del instrumento (automático) | AB23: Excentricidad (mayor a 30 kg que admita carga rodantes) | AC23: =CONCATENATE("NO CUMPLE con el ",AD23, " ",AE23) | AD23: punto 9.1.1. para el ensayo previsto en el punto 13.4.2.1 ambos de la Resolución S.C. y N.E.I. Nº 2307/80 | AE23: (Excentricidad).
J24: ='Acta Verificación '!J25 | AB24: Excentricidad (mayor a 30 kg que NO admita carga rodantes) | AC24: =CONCATENATE("NO CUMPLE con el ",AD24, " ",AE24) | AD24: punto 9.1.1 para el ensayo previsto en el punto 13.4.3 ambos de la Resolución S.C. y N.E.I. Nº 2307/80 | AE24: (Excentricidad).
J25: ='Acta Verificación '!J26 | AB25: Excentricidad (Balanza portatil para pesar por ejes con un único receptor de carga) | AC25: =CONCATENATE("NO CUMPLE con el ",AD25, " ",AE25) | AD25: punto 9.1.1 de la Resolución S.C. y N.E.I. Nº 2307/80 para el ensayo previsto en el punto D.2.3.2.1 de la Resolución S.C.D. y D.C. Nº 119/2001 | AE25: (Excentricidad).
J26: ='Acta Verificación '!J27 | N26: TIPOS DE COMPONENTES DE LA BALANZA | AB26: Excentricidad (Balanza portatil para pesar por ejes con dos receptores de carga) | AC26: =CONCATENATE("NO CUMPLE con el ",AD26, " ",AE26) | AD26: punto 9.1.1 de la Resolución S.C. y N.E.I. Nº 2307/80 para el ensayo previsto en el punto D.2.3.2.2 de la Resolución S.C.D. y D.C. Nº 119/2001 | AE26: (Excentricidad).
J27: ='Acta Verificación '!J28 | AB27: Excentricidad (Balanza fija para pesar por ejes con un único receptor de carga) | AC27: =CONCATENATE("NO CUMPLE con el ",AD27, " ",AE27) | AD27: punto 9.1.1 de la Resolución S.C. y N.E.I. Nº 2307/80 para el ensayo previsto en el punto D.2.3.1.1 de la Resolución S.C.D. y D.C. Nº 119/2001 | AE27: (Excentricidad).
J28: =COUNTIF(K28:K33,"=FALSO") | K28: =ISBLANK(J18) | L28: =IF('Identificación del Instrumento'!$B$17="periódica","b)","a)") | N28: PLATAFORMA | P28: INDICADOR | AB28: Excentricidad (Balanza fija para pesar por ejes con dos receptores de carga) | AC28: =CONCATENATE("NO CUMPLE con el ",AD28, " ",AE28) | AD28: punto 9.1.1 de la Resolución S.C. y N.E.I. Nº 2307/80 para el ensayo previsto en el punto D.2.3.1.2 de la Resolución S.C.D. y D.C. Nº 119/2001 | AE28: (Excentricidad).
K29: =ISBLANK(K19) | N29: =IF('Identificación del Instrumento'!$F$23="electrónica","","tipo mecánica ") | P29: =IF(ISBLANK('Identificación del Instrumento'!$F$23),"",IF('Identificación del Instrumento'!$F$23="mecánica","mecánico","electrónico")) | AB29: Otro (especificar en la celda de abajo) | AC29: DETALLAR EL MOTIVO DE LA SUSPENSIÓN EN LA CELDA INDICADA
K30: =ISBLANK(K20)
K31: =ISBLANK(J21)
K32: =AND(ISBLANK('Identificación del Instrumento'!$B$19),ISBLANK('Identificación del Instrumento'!$B$15),ISBLANK('Identificación del Instrumento'!$B$16),ISBLANK('Identificación del Instrumento'!$F$16))
A33: =CONCATENATE(N5,N6) | K33: =ISBLANK(J23)
A41: =IF($J$28=6,N7,"¡Completar datos del acta!")
A44: =IF($J$28=6,N8,"¡Completar datos del acta!")
A59: =+K19 | F59: ='Datos de Ensayos'!E4
A60: =+'Identificación del Instrumento'!C14 | F60: =+'Identificación del Instrumento'!E61

Sheet Informe Suspensión
A1: Revisó y aprobó: | C1: =CONCATENATE('Datos de Ensayos'!E3," - ",'Datos de Ensayos'!E4) | K1: FALTA DE MEDIOS | L1: La verificación programada para el día de la fecha se suspende por falta de medios para realizarla. | M1: por falta de medios para realizarla.
J2: Ö | K2: INSTRUMENTO NO APTO | L2: La verificación programada para el día de la fecha se suspende porque el instrumento no está en condiciones de ser verificado. | M2: debido a que el instrumento no está en condiciones de ser verificado.
K3: FACTORES CLIMÁTICOS | L3: suspensión sin cargo al solicitante. No se emite informe | M3: por factores climáticos adversos.
A5: INFORME DE VERIFICACIÓN
A7: =CONCATENATE("N° O.T.: ",'Identificación del Instrumento'!B4) | O7: MARGENES DE INFORME PARA J JONES
A8: =IF(OR(ISBLANK('Identificación del Instrumento'!B22),ISBLANK('Identificación del Instrumento'!D29),ISBLANK('Identificación del Instrumento'!D30),ISBLANK('Identificación del Instrumento'!F30)),"",CONCATENATE("Objeto: ",'Identificación del Instrumento'!B22,", de capacidad máxima ",'Datos de Ensayos'!I18," kg,"," mínima división ",'Datos de Ensayos'!E18," kg, clase ",'Datos de Ensayos'!J17,", de tipo ",'Datos de Ensayos'!E17,".")) | Q8: SUP 4,3 | T8: ENCAB 5
A10: =Informe!A7 | O10: IZQ 1,6 | S10: DER 1,8
A11: =Informe!A9
A12: =Informe!A10
A13: =Informe!A14 | Q13: INF 5,5 | T13: PIE 4,5
A15: =Informe!A15
J16: =IF('Acta Suspensión'!L10='Acta Suspensión'!AB29,'Acta Suspensión'!L14,(VLOOKUP('Acta Suspensión'!L10,'Acta Suspensión'!AB15:AC28,2))) | O16: ESCALA 100%
A17: =Informe!A16
A18: Determinación requerida: | C18: =IF(COUNTA('Identificación del Instrumento'!$B$22)=1,VLOOKUP('Identificación del Instrumento'!$J$22,Informe!$I$17:$J$18,2,FALSE),"")
A22: Conclusión | I22: 1 | J22: Verificación del cumplimiento con las Reglamentaciones Metrológica y Técnica correspondientes a la Resolución ex S.E.C. y N.E.I. N° 2307/1980. | U22: Párrafos de las Reglamentaciones Metrológica y Técnica, Resolución 2307/80
A23: =CONCATENATE("La verificación programada para el día de la fecha se suspende por el siguinete motivo: ",J16, ".") | I23: 2 | J23: Verificación del cumplimiento con las Reglamentaciones Metrológica y Técnica correspondientes a las Resoluciones ex S.E.C. y N.E.I. N° 2307/1980 y S.C.D. y D.C. N° 119/2001. | U23: Párrafos de las Reglamentaciones Metrológica y Técnica, Resoluciones 2307/80 y 119/2001 (*)
A24: =CONCATENATE("Fecha de la verificación: ") | D24: =Informe!D28
A25: =CONCATENATE("Fecha de emisión: ") | D25: =TODAY()
A26: Los registros de verificación se encuentran archivados en el INTI.
A28: Las mediciones involucradas en este certificado están vinculadas a los patrones de medida mantenidos en el INTI según la legislación vigente, los cuales representan a las unidades físicas de medida en concordancia con el Sistema Internacional de Unidades (SI).
A32: Usuario: | B32: =Informe!B33
B33: =Informe!B34
B34: =Informe!B35
A78: Excentricidad:
B79: 0 | C79: kg | E79: #REF! | H79: 2
A80: Se utilizó una carga aproximada de
C81: kg | E81: kg
A84: =IF(#REF!=0,"El instrumento cumple con las tolerancias establecidas en el punto 9.1.1. de la Resolución 2307 de la Secretaría de Comercio ","El instrumento no cumple con las tolerancias establecidas en el punto 9.1.1. de la Resolución 2307 de la Secretaría de Comercio")
A88: Los valores de incertidumbre de medición que aparecen en la tabla de errores de indicación fueron calculados combinando la incertidumbre de las pesas patrones, y los componentes asociados a la fidelidad y resolución de la balanza. La incertidumbre standard asociada a las combinaciones de pesas patrones utilizadas resultó siempre menor que
A94: kg, para todos los valores de carga aplicados. El componente asociado a la fidelidad fue estimado estadísticamente. El componente asociado a la resolución fue calculado considerando una distribución rectangular a partir de la mínima división de la balanza. La incertidumbre expandida informada fue calculada multiplicando la incertidumbre standard combinada por un factor de cubrimiento k = 2 lo cual corresponde a un nivel de confianza del 95% para una distribución normal.

Sheet Ensayos Efectuados
A2: ENSAYOS EFECTUADOS
A4: =CONCATENATE("Informe Nº: ",'Identificación del Instrumento'!B4," ",'Identificación del Instrumento'!A5," ",'Identificación del Instrumento'!B5) | E4: =CONCATENATE("Fecha: ", IF(COUNTA('Identificación del Instrumento'!J2)=0,"",'Identificación del Instrumento'!J2))
A5: =CONCATENATE("Realizó: ",IF(ISBLANK('Datos de Ensayos'!E3),"",'Datos de Ensayos'!E3)) | E5: =CONCATENATE("Revisó: ",(IF(ISBLANK('Datos de Ensayos'!E4),"",'Datos de Ensayos'!E4)))
A6: Los ensayos que se efectúan se realizan de acuerdo a lo establecido en el Anexo de la Resolución ex - S.E.C. y N.E.I. Nº 2307/80, y se detallan a continuación:
A7: NOTA: En los casos en que el instrumento esté provisto de dos o más dispositivos indicadores de carga, deberá completarse una planilla para cada indicador.
A8: =IF(('Identificación del Instrumento'!B17="PRIMITIVA"),"Antes de ser comparadas las indicaciones o impresiones discontinuas deben ser corregidas del error de redondeo (Punto 11 de la Resolución)", "")
B10: 1.1. El instrumento parte de cero: | E10: =IF(ISBLANK('Datos de Ensayos'!F55),"",'Datos de Ensayos'!F55)
B11: 1.2. Efecto máximo del dispositivo: | E11: =IF(COUNTA('Datos de Ensayos'!G56)=1,IF('Datos de Ensayos'!G56="x","No Aplicable",IF('Datos de Ensayos'!G56="no supera","Menor al 4%","Mayor al 4%")),"")
B12: “El efecto del dispositivo de puesta en cero debe ser como máximo igual al 4% de la capacidad máxima del instrumento”
A14: 2.- Ensayo de exactitud de las pesadas (Punto 9.1. de la Resolución).
A15: 2.1. Equipos de capacidad máxima mayor ó igual a 20.000 kg.
A16: (Efectuar 2 pesadas cada 10.000 kg o fracción mayor de 4.000 kg)
B17: Medición Nº | C17: Carga aplicada (kg) | D17: Error máximo tolerado (kg) | E17: Error verificado (kg)
B18: 1 | C18: =IF(ISNUMBER('Datos de Ensayos'!D143),'Datos de Ensayos'!D143,"") | D18: ='Datos de Ensayos'!U143 | E18: =IF('Identificación del Instrumento'!$B$17="periódica",'Datos de Ensayos'!I143,'Datos de Ensayos'!L143)
B19: =B18+1 | C19: =IF(ISNUMBER('Datos de Ensayos'!D144),'Datos de Ensayos'!D144,"") | D19: =IF(ISNUMBER(C19),CONCATENATE("±",'Datos de Ensayos'!U144),"") | E19: =IF('Identificación del Instrumento'!$B$17="periódica",'Datos de Ensayos'!I144,'Datos de Ensayos'!L144)
B20: =B19+1 | C20: =IF(ISNUMBER('Datos de Ensayos'!D145),'Datos de Ensayos'!D145,"") | D20: =IF(ISNUMBER(C20),CONCATENATE("±",'Datos de Ensayos'!U145),"") | E20: =IF('Identificación del Instrumento'!$B$17="periódica",'Datos de Ensayos'!I145,'Datos de Ensayos'!L145)
B21: =B20+1 | C21: =IF(ISNUMBER('Datos de Ensayos'!D146),'Datos de Ensayos'!D146,"") | D21: =IF(ISNUMBER(C21),CONCATENATE("±",'Datos de Ensayos'!U146),"") | E21: =IF('Identificación del Instrumento'!$B$17="periódica",'Datos de Ensayos'!I146,'Datos de Ensayos'!L146)
B22: =B21+1 | C22: =IF(ISNUMBER('Datos de Ensayos'!D147),'Datos de Ensayos'!D147,"") | D22: =IF(ISNUMBER(C22),CONCATENATE("±",'Datos de Ensayos'!U147),"") | E22: =IF('Identificación del Instrumento'!$B$17="periódica",'Datos de Ensayos'!I147,'Datos de Ensayos'!L147)
B23: =B22+1 | C23: =IF(ISNUMBER('Datos de Ensayos'!D148),'Datos de Ensayos'!D148,"") | D23: =IF(ISNUMBER(C23),CONCATENATE("±",'Datos de Ensayos'!U148),"") | E23: =IF('Identificación del Instrumento'!$B$17="periódica",'Datos de Ensayos'!I148,'Datos de Ensayos'!L148)
B24: =B23+1 | C24: =IF(ISNUMBER('Datos de Ensayos'!D149),'Datos de Ensayos'!D149,"") | D24: =IF(ISNUMBER(C24),CONCATENATE("±",'Datos de Ensayos'!U149),"") | E24: =IF('Identificación del Instrumento'!$B$17="periódica",'Datos de Ensayos'!I149,'Datos de Ensayos'!L149)
B25: =B24+1 | C25: =IF(ISNUMBER('Datos de Ensayos'!D150),'Datos de Ensayos'!D150,"") | D25: =IF(ISNUMBER(C25),CONCATENATE("±",'Datos de Ensayos'!U150),"") | E25: =IF('Identificación del Instrumento'!$B$17="periódica",'Datos de Ensayos'!I150,'Datos de Ensayos'!L150)
B26: =B25+1 | C26: =IF(ISNUMBER('Datos de Ensayos'!D151),'Datos de Ensayos'!D151,"") | D26: =IF(ISNUMBER(C26),CONCATENATE("±",'Datos de Ensayos'!U151),"") | E26: =IF('Identificación del Instrumento'!$B$17="periódica",'Datos de Ensayos'!I151,'Datos de Ensayos'!L151)
B27: =B26+1 | C27: =IF(ISNUMBER('Datos de Ensayos'!D152),'Datos de Ensayos'!D152,"") | D27: =IF(ISNUMBER(C27),CONCATENATE("±",'Datos de Ensayos'!U152),"") | E27: =IF('Identificación del Instrumento'!$B$17="periódica",'Datos de Ensayos'!I152,'Datos de Ensayos'!L152)
B28: =B27+1 | C28: =IF(ISNUMBER('Datos de Ensayos'!D153),'Datos de Ensayos'!D153,"") | D28: =IF(ISNUMBER(C28),CONCATENATE("±",'Datos de Ensayos'!U153),"") | E28: =IF('Identificación del Instrumento'!$B$17="periódica",'Datos de Ensayos'!I153,'Datos de Ensayos'!L153)
B29: =B28+1 | C29: =IF(ISNUMBER('Datos de Ensayos'!D154),'Datos de Ensayos'!D154,"") | D29: =IF(ISNUMBER(C29),CONCATENATE("±",'Datos de Ensayos'!U154),"") | E29: =IF('Identificación del Instrumento'!$B$17="periódica",'Datos de Ensayos'!I154,'Datos de Ensayos'!L154)
B30: =B29+1 | C30: =IF(ISNUMBER('Datos de Ensayos'!D155),'Datos de Ensayos'!D155,"") | D30: =IF(ISNUMBER(C30),CONCATENATE("±",'Datos de Ensayos'!U155),"") | E30: =IF('Identificación del Instrumento'!$B$17="periódica",'Datos de Ensayos'!I155,'Datos de Ensayos'!L155)
... B61: =B60+1 | C61: =IF(ISNUMBER('Datos de Ensayos'!D186),'Datos de Ensayos'!D186,"") | D61: =IF(ISNUMBER(C61),CONCATENATE("±",'Datos de Ensayos'!U186),"") | E61: =IF('Identificación del Instrumento'!$B$17="periódica",'Datos de Ensayos'!I186,'Datos de Ensayos'!L186)
B64: APLICACIÓN DE CARGA SUSTITUTA
B65: =IF(ISBLANK('Datos de Ensayos'!F208), "", "(PRIMERA)")
B66: =(COUNT(C18:C61)+1) | C66: =IF(AND(ISNUMBER('Datos de Ensayos'!D197),ISNUMBER('Datos de Ensayos'!E197)),'Datos de Ensayos'!D197,"") | D66: =IF(ISNUMBER(C66),CONCATENATE("±",'Datos de Ensayos'!O197),"") | E66: =IF('Identificación del Instrumento'!$B$17="periódica",'Datos de Ensayos'!F197,'Datos de Ensayos'!I197)
B67: =B66+1 | C67: =IF(AND(ISNUMBER('Datos de Ensayos'!D198),ISNUMBER('Datos de Ensayos'!E198)),'Datos de Ensayos'!D198,"") | D67: =IF(ISNUMBER(C67),CONCATENATE("±",'Datos de Ensayos'!O198),"") | E67: =IF('Identificación del Instrumento'!$B$17="periódica",'Datos de Ensayos'!F198,'Datos de Ensayos'!I198)
B68: =B67+1 | C68: =IF(AND(ISNUMBER('Datos de Ensayos'!D199),ISNUMBER('Datos de Ensayos'!E199)),'Datos de Ensayos'!D199,"") | D68: =IF(ISNUMBER(C68),CONCATENATE("±",'Datos de Ensayos'!O199),"") | E68: =IF('Identificación del Instrumento'!$B$17="periódica",'Datos de Ensayos'!F199,'Datos de Ensayos'!I199)
B69: =B68+1 | C69: =IF(AND(ISNUMBER('Datos de Ensayos'!D200),ISNUMBER('Datos de Ensayos'!E200)),'Datos de Ensayos'!D200,"") | D69: =IF(ISNUMBER(C69),CONCATENATE("±",'Datos de Ensayos'!O200),"") | E69: =IF('Identificación del Instrumento'!$B$17="periódica",'Datos de Ensayos'!F200,'Datos de Ensayos'!I200)
B70: =B69+1 | C70: =IF(AND(ISNUMBER('Datos de Ensayos'!D201),ISNUMBER('Datos de Ensayos'!E201)),'Datos de Ensayos'!D201,"") | D70: =IF(ISNUMBER(C70),CONCATENATE("±",'Datos de Ensayos'!O201),"") | E70: =IF('Identificación del Instrumento'!$B$17="periódica",'Datos de Ensayos'!F201,'Datos de Ensayos'!I201)
B71: =B70+1 | C71: =IF(AND(ISNUMBER('Datos de Ensayos'!D202),ISNUMBER('Datos de Ensayos'!E202)),'Datos de Ensayos'!D202,"") | D71: =IF(ISNUMBER(C71),CONCATENATE("±",'Datos de Ensayos'!O202),"") | E71: =IF('Identificación del Instrumento'!$B$17="periódica",'Datos de Ensayos'!F202,'Datos de Ensayos'!I202)
B72: =B71+1 | C72: =IF(AND(ISNUMBER('Datos de Ensayos'!D203),ISNUMBER('Datos de Ensayos'!E203)),'Datos de Ensayos'!D203,"") | D72: =IF(ISNUMBER(C72),CONCATENATE("±",'Datos de Ensayos'!O203),"") | E72: =IF('Identificación del Instrumento'!$B$17="periódica",'Datos de Ensayos'!F203,'Datos de Ensayos'!I203)
B74: =B64
B75: =IF(ISBLANK('Datos de Ensayos'!F208), "", "(SEGUNDA)")
B76: =(COUNT(C18:C61)+COUNT(C66:C72)+1) | C76: =IF(AND(ISNUMBER('Datos de Ensayos'!D213),ISNUMBER('Datos de Ensayos'!E213)),'Datos de Ensayos'!D213,"") | D76: =IF(ISNUMBER(C76),CONCATENATE("±",'Datos de Ensayos'!O213),"") | E76: =IF('Identificación del Instrumento'!$B$17="periódica",'Datos de Ensayos'!F213,'Datos de Ensayos'!I213)
B77: =B76+1 | C77: =IF(AND(ISNUMBER('Datos de Ensayos'!D214),ISNUMBER('Datos de Ensayos'!E214)),'Datos de Ensayos'!D214,"") | D77: =IF(ISNUMBER(C77),CONCATENATE("±",'Datos de Ensayos'!O214),"") | E77: =IF('Identificación del Instrumento'!$B$17="periódica",'Datos de Ensayos'!F214,'Datos de Ensayos'!I214)
B78: =B77+1 | C78: =IF(AND(ISNUMBER('Datos de Ensayos'!D215),ISNUMBER('Datos de Ensayos'!E215)),'Datos de Ensayos'!D215,"") | D78: =IF(ISNUMBER(C78),CONCATENATE("±",'Datos de Ensayos'!O215),"") | E78: =IF('Identificación del Instrumento'!$B$17="periódica",'Datos de Ensayos'!F215,'Datos de Ensayos'!I215)
B79: =B78+1 | C79: =IF(AND(ISNUMBER('Datos de Ensayos'!D216),ISNUMBER('Datos de Ensayos'!E216)),'Datos de Ensayos'!D216,"") | D79: =IF(ISNUMBER(C79),CONCATENATE("±",'Datos de Ensayos'!O216),"") | E79: =IF('Identificación del Instrumento'!$B$17="periódica",'Datos de Ensayos'!F216,'Datos de Ensayos'!I216)
B80: =B79+1 | C80: =IF(AND(ISNUMBER('Datos de Ensayos'!D217),ISNUMBER('Datos de Ensayos'!E217)),'Datos de Ensayos'!D217,"") | D80: =IF(ISNUMBER(C80),CONCATENATE("±",'Datos de Ensayos'!O217),"") | E80: =IF('Identificación del Instrumento'!$B$17="periódica",'Datos de Ensayos'!F217,'Datos de Ensayos'!I217)
B81: =B80+1 | C81: =IF(AND(ISNUMBER('Datos de Ensayos'!D218),ISNUMBER('Datos de Ensayos'!E218)),'Datos de Ensayos'!D218,"") | D81: =IF(ISNUMBER(C81),CONCATENATE("±",'Datos de Ensayos'!O218),"") | E81: =IF('Identificación del Instrumento'!$B$17="periódica",'Datos de Ensayos'!F218,'Datos de Ensayos'!I218)
B83: =CONCATENATE(B64)
B84: =IF(ISBLANK('Datos de Ensayos'!F224), "", "(TERCERA)")
B85: =(COUNT(C18:C61)+COUNT(C66:C72)+COUNT(C76:C81)+1) | C85: =IF(AND(ISNUMBER('Datos de Ensayos'!D229),ISNUMBER('Datos de Ensayos'!E229)),'Datos de Ensayos'!D229,"") | D85: =IF(ISNUMBER(C85),CONCATENATE("±",'Datos de Ensayos'!O229),"") | E85: =IF('Identificación del Instrumento'!$B$17="periódica",'Datos de Ensayos'!F229,'Datos de Ensayos'!I229)
B86: =B85+1 | C86: =IF(AND(ISNUMBER('Datos de Ensayos'!D230),ISNUMBER('Datos de Ensayos'!E230)),'Datos de Ensayos'!D230,"") | D86: =IF(ISNUMBER(C86),CONCATENATE("±",'Datos de Ensayos'!O230),"") | E86: =IF('Identificación del Instrumento'!$B$17="periódica",'Datos de Ensayos'!F230,'Datos de Ensayos'!I230)
B87: =B86+1 | C87: =IF(AND(ISNUMBER('Datos de Ensayos'!D231),ISNUMBER('Datos de Ensayos'!E231)),'Datos de Ensayos'!D231,"") | D87: =IF(ISNUMBER(C87),CONCATENATE("±",'Datos de Ensayos'!O231),"") | E87: =IF('Identificación del Instrumento'!$B$17="periódica",'Datos de Ensayos'!F231,'Datos de Ensayos'!I231)
B88: =B87+1 | C88: =IF(AND(ISNUMBER('Datos de Ensayos'!D232),ISNUMBER('Datos de Ensayos'!E232)),'Datos de Ensayos'!D232,"") | D88: =IF(ISNUMBER(C88),CONCATENATE("±",'Datos de Ensayos'!O232),"") | E88: =IF('Identificación del Instrumento'!$B$17="periódica",'Datos de Ensayos'!F232,'Datos de Ensayos'!I232)
B89: =B88+1 | C89: =IF(AND(ISNUMBER('Datos de Ensayos'!D233),ISNUMBER('Datos de Ensayos'!E233)),'Datos de Ensayos'!D233,"") | D89: =IF(ISNUMBER(C89),CONCATENATE("±",'Datos de Ensayos'!O233),"") | E89: =IF('Identificación del Instrumento'!$B$17="periódica",'Datos de Ensayos'!F233,'Datos de Ensayos'!I233)
B90: =B89+1 | C90: =IF(AND(ISNUMBER('Datos de Ensayos'!D234),ISNUMBER('Datos de Ensayos'!E234)),'Datos de Ensayos'!D234,"") | D90: =IF(ISNUMBER(C90),CONCATENATE("±",'Datos de Ensayos'!O234),"") | E90: =IF('Identificación del Instrumento'!$B$17="periódica",'Datos de Ensayos'!F234,'Datos de Ensayos'!I234)
B92: =CONCATENATE(B64)
B93: =IF(ISBLANK('Datos de Ensayos'!F240), "", "(CUARTA)")
B94: =(COUNT(C18:C61)+COUNT(C66:C72)+COUNT(C76:C81)+COUNT(C85:C90)+1) | C94: =IF(AND(ISNUMBER('Datos de Ensayos'!D245),ISNUMBER('Datos de Ensayos'!E245)),'Datos de Ensayos'!D245,"") | D94: =IF(ISNUMBER(C94),CONCATENATE("±",'Datos de Ensayos'!O245),"") | E94: =IF('Identificación del Instrumento'!$B$17="periódica",'Datos de Ensayos'!F245,'Datos de Ensayos'!I245)
B95: =B94+1 | C95: =IF(AND(ISNUMBER('Datos de Ensayos'!D246),ISNUMBER('Datos de Ensayos'!E246)),'Datos de Ensayos'!D246,"") | D95: =IF(ISNUMBER(C95),CONCATENATE("±",'Datos de Ensayos'!O246),"") | E95: =IF('Identificación del Instrumento'!$B$17="periódica",'Datos de Ensayos'!F246,'Datos de Ensayos'!I246)
B96: =B95+1 | C96: =IF(AND(ISNUMBER('Datos de Ensayos'!D247),ISNUMBER('Datos de Ensayos'!E247)),'Datos de Ensayos'!D247,"") | D96: =IF(ISNUMBER(C96),CONCATENATE("±",'Datos de Ensayos'!O247),"") | E96: =IF('Identificación del Instrumento'!$B$17="periódica",'Datos de Ensayos'!F247,'Datos de Ensayos'!I247)
B97: =B96+1 | C97: =IF(AND(ISNUMBER('Datos de Ensayos'!D248),ISNUMBER('Datos de Ensayos'!E248)),'Datos de Ensayos'!D248,"") | D97: =IF(ISNUMBER(C97),CONCATENATE("±",'Datos de Ensayos'!O248),"") | E97: =IF('Identificación del Instrumento'!$B$17="periódica",'Datos de Ensayos'!F248,'Datos de Ensayos'!I248)
B98: =B97+1 | C98: =IF(AND(ISNUMBER('Datos de Ensayos'!D249),ISNUMBER('Datos de Ensayos'!E249)),'Datos de Ensayos'!D249,"") | D98: =IF(ISNUMBER(C98),CONCATENATE("±",'Datos de Ensayos'!O249),"") | E98: =IF('Identificación del Instrumento'!$B$17="periódica",'Datos de Ensayos'!F249,'Datos de Ensayos'!I249)
B99: =B98+1 | C99: =IF(AND(ISNUMBER('Datos de Ensayos'!D250),ISNUMBER('Datos de Ensayos'!E250)),'Datos de Ensayos'!D250,"") | D99: =IF(ISNUMBER(C99),CONCATENATE("±",'Datos de Ensayos'!O250),"") | E99: =IF('Identificación del Instrumento'!$B$17="periódica",'Datos de Ensayos'!F250,'Datos de Ensayos'!I250)
A102: 2.3. Ensayo de movilidad (Punto 14.2.2.1.1; 14.2.2.1.2 ó 14.2.1.1 de la Resolución según corresponda).
A103: 2.3.1. Instrumentos con equilibrio automático o semiautomático.
A104: 2.3.1.1.Instrumento de indicación o impresión continua (Punto 14.2.2.1.1)
B105: Medición Nº | C105: Carga aplicada (kg) | D105: Indicación de carga (kg) | E105: Sobrecarga [Error Máximo Tolerado] (kg) | F105: Desplazamiento observado (kg) | G105: Desplazamiento mínimo [0,7 E.M.T.] (kg)
B106: 1 | C106: =IF(AND('Datos de Ensayos'!$G$59="CONTINUA",ISNUMBER('Datos de Ensayos'!$E61)),'Datos de Ensayos'!E61,"") | D106: =IF(AND('Datos de Ensayos'!$G$59="CONTINUA",ISNUMBER('Datos de Ensayos'!$E61)),'Datos de Ensayos'!F61,"") | E106: =IF(AND('Datos de Ensayos'!$G$59="CONTINUA",ISNUMBER('Datos de Ensayos'!$E61)),'Datos de Ensayos'!G61,"") | F106: =IF(AND('Datos de Ensayos'!$G$59="CONTINUA",ISNUMBER('Datos de Ensayos'!$E61)),'Datos de Ensayos'!I61,"") | G106: =+IF(ISNUMBER(E106),E106*0.7,"")
B107: 2 | C107: =IF(AND('Datos de Ensayos'!$G$59="CONTINUA",ISNUMBER('Datos de Ensayos'!$E62)),'Datos de Ensayos'!E62,"") | D107: =IF(AND('Datos de Ensayos'!$G$59="CONTINUA",ISNUMBER('Datos de Ensayos'!$E62)),'Datos de Ensayos'!F62,"") | E107: =IF(AND('Datos de Ensayos'!$G$59="CONTINUA",ISNUMBER('Datos de Ensayos'!$E62)),'Datos de Ensayos'!G62,"") | F107: =IF(AND('Datos de Ensayos'!$G$59="CONTINUA",ISNUMBER('Datos de Ensayos'!$E62)),'Datos de Ensayos'!I62,"") | G107: =+IF(ISNUMBER(E107),E107*0.7,"")
B108: 3 | C108: =IF(AND('Datos de Ensayos'!$G$59="CONTINUA",ISNUMBER('Datos de Ensayos'!$E63)),'Datos de Ensayos'!E63,"") | D108: =IF(AND('Datos de Ensayos'!$G$59="CONTINUA",ISNUMBER('Datos de Ensayos'!$E63)),'Datos de Ensayos'!F63,"") | E108: =IF(AND('Datos de Ensayos'!$G$59="CONTINUA",ISNUMBER('Datos de Ensayos'!$E63)),'Datos de Ensayos'!G63,"") | F108: =IF(AND('Datos de Ensayos'!$G$59="CONTINUA",ISNUMBER('Datos de Ensayos'!$E63)),'Datos de Ensayos'!I63,"") | G108: =+IF(ISNUMBER(E108),E108*0.7,"")
A109: 2.3.1.2 Instrumento de indicación o impresión discontinua (Punto 14.2.2.1.2).
B110: Medición Nº | C110: Carga aplicada (kg) | D110: Indicación 1 (kg) | E110: Sobrecarga 1,4 veces dd (kg) | F110: Indicación 2 (kg) | G110: Diferencia (kg) | K110: =IF(ISNUMBER('Datos de Ensayos'!K124:O124),'Datos de Ensayos'!K124:O124,"")
B111: 1 | C111: =IF(AND('Datos de Ensayos'!$G$59="DISCONTINUA",ISNUMBER('Datos de Ensayos'!$E61)),'Datos de Ensayos'!E61,"") | D111: =IF(AND('Datos de Ensayos'!$G$59="DISCONTINUA",ISNUMBER('Datos de Ensayos'!$E61)),'Datos de Ensayos'!F61,"") | E111: =IF(AND('Datos de Ensayos'!$G$59="DISCONTINUA",ISNUMBER('Datos de Ensayos'!$E61)),'Datos de Ensayos'!G61,"") | F111: =IF(AND('Datos de Ensayos'!$G$59="DISCONTINUA",ISNUMBER('Datos de Ensayos'!$E61)),'Datos de Ensayos'!H61,"") | G111: =+IF(ISNUMBER(C111),F111-D111,"")
B112: 2 | C112: =IF(AND('Datos de Ensayos'!$G$59="DISCONTINUA",ISNUMBER('Datos de Ensayos'!$E62)),'Datos de Ensayos'!E62,"") | D112: =IF(AND('Datos de Ensayos'!$G$59="DISCONTINUA",ISNUMBER('Datos de Ensayos'!$E62)),'Datos de Ensayos'!F62,"") | E112: =IF(AND('Datos de Ensayos'!$G$59="DISCONTINUA",ISNUMBER('Datos de Ensayos'!$E62)),'Datos de Ensayos'!G62,"") | F112: =IF(AND('Datos de Ensayos'!$G$59="DISCONTINUA",ISNUMBER('Datos de Ensayos'!$E62)),'Datos de Ensayos'!H62,"") | G112: =+IF(ISNUMBER(C112),F112-D112,"")
B113: 3 | C113: =IF(AND('Datos de Ensayos'!$G$59="DISCONTINUA",ISNUMBER('Datos de Ensayos'!$E63)),'Datos de Ensayos'!E63,"") | D113: =IF(AND('Datos de Ensayos'!$G$59="DISCONTINUA",ISNUMBER('Datos de Ensayos'!$E63)),'Datos de Ensayos'!F63,"") | E113: =IF(AND('Datos de Ensayos'!$G$59="DISCONTINUA",ISNUMBER('Datos de Ensayos'!$E63)),'Datos de Ensayos'!G63,"") | F113: =IF(AND('Datos de Ensayos'!$G$59="DISCONTINUA",ISNUMBER('Datos de Ensayos'!$E63)),'Datos de Ensayos'!H63,"") | G113: =+IF(ISNUMBER(C113),F113-D113,"")
A114: 2.3.2 Instrumento con equilibrio no automático (Punto 14.2.1.1.).
B115: Medición N° | C115: Carga aplicada (kg) | D115: Indicación (kg) | E115: Sobrecarga [0,4 E.M.T.] (kg) | F115: ¿Movimiento visible?
B116: 1 | C116: =IF(AND('Datos de Ensayos'!$G$59="ENA",ISNUMBER('Datos de Ensayos'!$E61)),'Datos de Ensayos'!E61,"") | D116: =IF(AND('Datos de Ensayos'!$G$59="ENA",ISNUMBER('Datos de Ensayos'!$E61)),'Datos de Ensayos'!F61,"") | E116: =IF(AND('Datos de Ensayos'!$G$59="ENA",ISNUMBER('Datos de Ensayos'!$E61)),'Datos de Ensayos'!G61,"") | F116: =IF(AND('Datos de Ensayos'!$G$59="ENA",ISNUMBER('Datos de Ensayos'!$E61)),'Datos de Ensayos'!J61,"")
B117: 2 | C117: =IF(AND('Datos de Ensayos'!$G$59="ENA",ISNUMBER('Datos de Ensayos'!$E62)),'Datos de Ensayos'!E62,"") | D117: =IF(AND('Datos de Ensayos'!$G$59="ENA",ISNUMBER('Datos de Ensayos'!$E62)),'Datos de Ensayos'!F62,"") | E117: =IF(AND('Datos de Ensayos'!$G$59="ENA",ISNUMBER('Datos de Ensayos'!$E62)),'Datos de Ensayos'!G62,"") | F117: =IF(AND('Datos de Ensayos'!$G$59="ENA",ISNUMBER('Datos de Ensayos'!$E62)),'Datos de Ensayos'!J62,"")
B118: 3 | C118: =IF(AND('Datos de Ensayos'!$G$59="ENA",ISNUMBER('Datos de Ensayos'!$E63)),'Datos de Ensayos'!E63,"") | D118: =IF(AND('Datos de Ensayos'!$G$59="ENA",ISNUMBER('Datos de Ensayos'!$E63)),'Datos de Ensayos'!F63,"") | E118: =IF(AND('Datos de Ensayos'!$G$59="ENA",ISNUMBER('Datos de Ensayos'!$E63)),'Datos de Ensayos'!G63,"") | F118: =IF(AND('Datos de Ensayos'!$G$59="ENA",ISNUMBER('Datos de Ensayos'!$E63)),'Datos de Ensayos'!J63,"")
A120: 2.4. Ensayo de excentricidad.
A122: =IF(COUNTA('Identificación del Instrumento'!B22)=1,CONCATENATE("2.4.1.",VLOOKUP('Identificación del Instrumento'!$B$22,'Ensayos Efectuados'!$N$125:$U$136,8,FALSE)),"")
B123: Medición N° | C123: Carga aplicada (kg) | D123: Indicación (kg) | E123: Error Verificado (kg) | F123: Error máximo tolerado (kg)
B124: 1 | C124: =+'Datos de Ensayos'!E70 | D124: =IF(ISNUMBER('Datos de Ensayos'!F70),IF('Identificación del Instrumento'!$B$17="PERIÓDICA",'Datos de Ensayos'!F70,'Datos de Ensayos'!H70),"") | E124: =+'Datos de Ensayos'!J70 | F124: =IF(ISNUMBER(C124),CONCATENATE($I$124,'Datos de Ensayos'!I70),"") | I124: ± | N124: TIPO DE INSTRUMENTO | R124: PUNTO | T124: RESOLUCIÓN | U124: LEYENDA
B125: 2 | C125: =+'Datos de Ensayos'!E71 | D125: =IF(ISNUMBER('Datos de Ensayos'!F71),IF('Identificación del Instrumento'!$B$17="PERIÓDICA",'Datos de Ensayos'!F71,'Datos de Ensayos'!H71),"") | E125: =+'Datos de Ensayos'!J71 | F125: =IF(ISNUMBER(C125),CONCATENATE($I$124,'Datos de Ensayos'!I71),"") | N125: ='Identificación del Instrumento'!K40 | R125: 13.4.2.1 | S125: 1 | T125: ex S.E.C.y N.E.I. N° 2307/1980 | U125: Instrumentos cuyo dispostivo receptor de carga pueden recibir cargas rodantes (13.4.2.1 de la Resolución ex S.E.C.y N.E.I 2307/80.........sobre cada uno de los ‘n’ puntos de apoyo del dispositivo receptor de carga, se coloca una carga de prueba sucesivamente repartida sobre una superficie del mismo orden que la fracción 1/n de la superficie del receptor de carga. Dicha carga de prueba debe ser igual a la fracción 1/n de la suma de la capacidad máxima y del efecto máximo aditivo de tara. Cuando dos puntos de apoyo están muy próximos y la carga de prueba no puede entonces ser ubicada en las condiciones precedentes, dicha carga se duplica y se reparte sobre una superficie doble, a ambos lados del eje de los puntos de apoyo).
B126: 3 | C126: =+'Datos de Ensayos'!E72 | D126: =IF(ISNUMBER('Datos de Ensayos'!F72),IF('Identificación del Instrumento'!$B$17="PERIÓDICA",'Datos de Ensayos'!F72,'Datos de Ensayos'!H72),"") | E126: =+'Datos de Ensayos'!J72 | F126: =IF(ISNUMBER(C126),CONCATENATE($I$124,'Datos de Ensayos'!I72),"") | N126: ='Identificación del Instrumento'!K41 | R126: 13.4.2.1 | S126: 1 | T126: ex S.E.C.y N.E.I. N° 2307/1980 | U126: Instrumentos cuyo dispostivo receptor de carga pueden recibir cargas rodantes (13.4.2.1 de la Resolución ex S.E.C.y N.E.I 2307/80.........sobre cada uno de los ‘n’ puntos de apoyo del dispositivo receptor de carga, se coloca una carga de prueba sucesivamente repartida sobre una superficie del mismo orden que la fracción 1/n de la superficie del receptor de carga. Dicha carga de prueba debe ser igual a la fracción 1/n de la suma de la capacidad máxima y del efecto máximo aditivo de tara. Cuando dos puntos de apoyo están muy próximos y la carga de prueba no puede entonces ser ubicada en las condiciones precedentes, dicha carga se duplica y se reparte sobre una superficie doble, a ambos lados del eje de los puntos de apoyo).
B127: 4 | C127: =+'Datos de Ensayos'!E73 | D127: =IF(ISNUMBER('Datos de Ensayos'!F73),IF('Identificación del Instrumento'!$B$17="PERIÓDICA",'Datos de Ensayos'!F73,'Datos de Ensayos'!H73),"") | E127: =+'Datos de Ensayos'!J73 | F127: =IF(ISNUMBER(C127),CONCATENATE($I$124,'Datos de Ensayos'!I73),"") | N127: ='Identificación del Instrumento'!K42 | R127: D.2.3.1.1 (*) | S127: 2 | T127: ex S.E.C.y N.E.I. N° 2307/1980 y S.C.D. y D.C. N° 119/2001 | U127: Instrumentos para el pesaje de vehículos por ejes o tandem de ejes, de instalación fija, con un único dispositivo receptor de carga. Punto D.2.3.1.1 de la Resolución S.C.D. y D.C. N° 119/2001…."El ensayo se realizará colocando sucesivamente en cada cuarto de la superficie del dispositivo receptor de carga, una carga de prueba igual a la cuarta parte de la capacidad máxima (Máx./4). Cuando ello no resulte practicable, se aplicará sucesivamente sobre cada uno de los puntos de apoyo del dispositivo receptor de carga, una carga de prueba igual a la octava parte de la capacidad máxima (Máx./8)."
B128: 5 | C128: =+'Datos de Ensayos'!E74 | D128: =IF(ISNUMBER('Datos de Ensayos'!F74),IF('Identificación del Instrumento'!$B$17="PERIÓDICA",'Datos de Ensayos'!F74,'Datos de Ensayos'!H74),"") | E128: =+'Datos de Ensayos'!J74 | F128: =IF(ISNUMBER(C128),CONCATENATE($I$124,'Datos de Ensayos'!I74),"") | N128: ='Identificación del Instrumento'!K43 | R128: D.2.3.1.2 (*) | S128: 2 | T128: ex S.E.C.y N.E.I. N° 2307/1980 y S.C.D. y D.C. N° 119/2001 | U128: Instrumentos para el pesaje de vehículos por ejes o tandem de ejes, de instalación fija, provistos de dos dispositivos receptores de cargas, vinculados o no estructuralmente entre sí. Punto D.2.3.1.2 de la Resolución S.C.D. y D.C. N° 119/2001…."El ensayo se realizará colocando sucesivamente en cada cuarto de la superficie de cada dispositivo receptor de carga, una carga de prueba igual a la octava parte de la capacidad máxima (Máx./8). Cuando ello no resulte practicable, se aplicará sucesivamente sobre cada uno de los puntos de apoyo de cada dispositivo receptor de carga, una carga de prueba igual a la dieciseisava parte de la capacidad máxima (Máx./16)."
B129: 6 | C129: =+'Datos de Ensayos'!E75 | D129: =IF(ISNUMBER('Datos de Ensayos'!F75),IF('Identificación del Instrumento'!$B$17="PERIÓDICA",'Datos de Ensayos'!F75,'Datos de Ensayos'!H75),"") | E129: =+'Datos de Ensayos'!J75 | F129: =IF(ISNUMBER(C129),CONCATENATE($I$124,'Datos de Ensayos'!I75),"") | N129: ='Identificación del Instrumento'!K44 | R129: D.2.3.1.1 (*) | S129: 2 | T129: ex S.E.C.y N.E.I. N° 2307/1980 y S.C.D. y D.C. N° 119/2001 | U129: Instrumentos para el pesaje de vehículos por ejes o tandem de ejes, de instalación fija, con un único dispositivo receptor de carga. Punto D.2.3.1.1 de la Resolución S.C.D. y D.C. N° 119/2001…."El ensayo se realizará colocando sucesivamente en cada cuarto de la superficie del dispositivo receptor de carga, una carga de prueba igual a la cuarta parte de la capacidad máxima (Máx./4). Cuando ello no resulte practicable, se aplicará sucesivamente sobre cada uno de los puntos de apoyo del dispositivo receptor de carga, una carga de prueba igual a la octava parte de la capacidad máxima (Máx./8)."
B130: 7 | C130: =+'Datos de Ensayos'!E76 | D130: =IF(ISNUMBER('Datos de Ensayos'!F76),IF('Identificación del Instrumento'!$B$17="PERIÓDICA",'Datos de Ensayos'!F76,'Datos de Ensayos'!H76),"") | E130: =+'Datos de Ensayos'!J76 | F130: =IF(ISNUMBER(C130),CONCATENATE($I$124,'Datos de Ensayos'!I76),"") | N130: ='Identificación del Instrumento'!K45 | R130: D.2.3.1.2 (*) | S130: 2 | T130: ex S.E.C.y N.E.I. N° 2307/1980 y S.C.D. y D.C. N° 119/2001 | U130: Instrumentos para el pesaje de vehículos por ejes o tandem de ejes, de instalación fija, provistos de dos dispositivos receptores de cargas, vinculados o no estructuralmente entre sí. Punto D.2.3.1.2 de la Resolución S.C.D. y D.C. N° 119/2001…."El ensayo se realizará colocando sucesivamente en cada cuarto de la superficie de cada dispositivo receptor de carga, una carga de prueba igual a la octava parte de la capacidad máxima (Máx./8). Cuando ello no resulte practicable, se aplicará sucesivamente sobre cada uno de los puntos de apoyo de cada dispositivo receptor de carga, una carga de prueba igual a la dieciseisava parte de la capacidad máxima (Máx./16)."
B131: 8 | C131: =+'Datos de Ensayos'!E77 | D131: =IF(ISNUMBER('Datos de Ensayos'!F77),IF('Identificación del Instrumento'!$B$17="PERIÓDICA",'Datos de Ensayos'!F77,'Datos de Ensayos'!H77),"") | E131: =+'Datos de Ensayos'!J77 | F131: =IF(ISNUMBER(C131),CONCATENATE($I$124,'Datos de Ensayos'!I77),"") | N131: ='Identificación del Instrumento'!K46 | R131: D.2.3.2.1 (*) | S131: 2 | T131: ex S.E.C.y N.E.I. N° 2307/1980 y S.C.D. y D.C. N° 119/2001 | U131: Instrumentos portátiles para el pesaje de vehículos por ejes o tandem de ejes, con un único dispositivo receptor de carga. Punto D.2.3.2.1 de la Resolución S.C.D. y D.C. N° 119/2001…."El ensayo se realizará colocando sucesivamente en cada cuarto de la superficie del dispositivo receptor de carga, una carga de prueba igual a la cuarta parte de la capacidad máxima (Máx./4)."
B132: 9 | C132: =+'Datos de Ensayos'!E78 | D132: =IF(ISNUMBER('Datos de Ensayos'!F78),IF('Identificación del Instrumento'!$B$17="PERIÓDICA",'Datos de Ensayos'!F78,'Datos de Ensayos'!H78),"") | E132: =+'Datos de Ensayos'!J78 | F132: =IF(ISNUMBER(C132),CONCATENATE($I$124,'Datos de Ensayos'!I78),"") | N132: ='Identificación del Instrumento'!K47 | R132: D.2.3.2.2 (*) | S132: 2 | T132: ex S.E.C.y N.E.I. N° 2307/1980 y S.C.D. y D.C. N° 119/2001 | U132: Instrumentos portátiles para el pesaje de vehículos por ejes o tandem de ejes, provistos de dos dispositivos receptores de carga, vinculados o no estructuralmente entre sí, y que están conectados a un único dispositivo indicador de carga. Punto D.2.3.2.2 de la Resolución S.C.D. y D.C. N° 119/2001…."El ensayo se realizará colocando sucesivamente en el centro de cada cuarto de la superficie de cada dispositivo receptor de carga, una carga de prueba igual a la octava parte de la capacidad máxima (Máx./8)."
B133: 10 | C133: =+'Datos de Ensayos'!E79 | D133: =IF(ISNUMBER('Datos de Ensayos'!F79),IF('Identificación del Instrumento'!$B$17="PERIÓDICA",'Datos de Ensayos'!F79,'Datos de Ensayos'!H79),"") | E133: =+'Datos de Ensayos'!J79 | F133: =IF(ISNUMBER(C133),CONCATENATE($I$124,'Datos de Ensayos'!I79),"") | N133: ='Identificación del Instrumento'!K48 | R133: 13.4.2.1 | S133: 1 | T133: ex S.E.C.y N.E.I. N° 2307/1980 | U133: Instrumentos cuyo dispostivo receptor de carga pueden recibir cargas rodantes (13.4.2.1 de la Resolución ex S.E.C.y N.E.I 2307/80.........sobre cada uno de los ‘n’ puntos de apoyo del dispositivo receptor de carga, se coloca una carga de prueba sucesivamente repartida sobre una superficie del mismo orden que la fracción 1/n de la superficie del receptor de carga. Dicha carga de prueba debe ser igual a la fracción 1/n de la suma de la capacidad máxima y del efecto máximo aditivo de tara. Cuando dos puntos de apoyo están muy próximos y la carga de prueba no puede entonces ser ubicada en las condiciones precedentes, dicha carga se duplica y se reparte sobre una superficie doble, a ambos lados del eje de los puntos de apoyo).
B134: 11 | C134: =+'Datos de Ensayos'!E80 | D134: =IF(ISNUMBER('Datos de Ensayos'!F80),IF('Identificación del Instrumento'!$B$17="PERIÓDICA",'Datos de Ensayos'!F80,'Datos de Ensayos'!H80),"") | E134: =+'Datos de Ensayos'!J80 | F134: =IF(ISNUMBER(C134),CONCATENATE($I$124,'Datos de Ensayos'!I80),"") | N134: ='Identificación del Instrumento'!K49 | R134: 13.4.3 | S134: 1 | T134: ex S.E.C.y N.E.I. N° 2307/1980 | U134: Instrumentos cuyo dispositivo receptor de carga no puede recibir una carga rodante (13.4.3 de la Resolución ex S.E.C.y N.E.I 2307/80: "Los ensayos de excentricidad de carga se efectuarán mediante una carga de prueba repartida sucesivamente a lo largo de cada uno de los bordes del dispositivo receptor de carga y sobre una superficie que no sobrepase la cuarta parte de la superficie total del receptor. Dicha carga de prueba debe ser igual a un tercio de la suma de la capacidad máxima y del efecto máximo aditivo de tara.")
B135: 12 | C135: =+'Datos de Ensayos'!E81 | D135: =IF(ISNUMBER('Datos de Ensayos'!F81),IF('Identificación del Instrumento'!$B$17="PERIÓDICA",'Datos de Ensayos'!F81,'Datos de Ensayos'!H81),"") | E135: =+'Datos de Ensayos'!J81 | F135: =IF(ISNUMBER(C135),CONCATENATE($I$124,'Datos de Ensayos'!I81),"") | N135: ='Identificación del Instrumento'!K50 | R135: 13.4.1 | S135: 1 | T135: ex S.E.C.y N.E.I. N° 2307/1980 | U135: Instrumentos con dispositivo receptor de carga especial -depósito, tolva, etc.- (13.4.1 de la Resolución ex S.E.C.y N.E.I 2307/80: "Los ensayos de excentricidad de carga se efectuarán mediante una carga de prueba de pesas patrones repartidas sobre el soporte de pesas sobre cada punto de apoyo del dispositivo receptor de cargas. Dicha carga de prueba debe ser igual a un décimo de la suma de la capacidad máxima y del efecto máximo aditivo de tara.")
B136: =IF(ISBLANK('Identificación del Instrumento'!B17),"",IF('Identificación del Instrumento'!B17="periódica","","Valores corregidos por error de redondeo")) | N136: ='Identificación del Instrumento'!K51 | R136: N/A | S136: 1 | T136: ex S.E.C.y N.E.I. N° 2307/1980 | U136: NO SE REALIZA EL ENSAYO DE EXCENTRICIDAD EN ESTE TIPO DE BALANZAS
A137: =IF(ISBLANK('Datos de Ensayos'!D36),"",'Datos de Ensayos'!D36) | G137: =IF(ISBLANK('Datos de Ensayos'!J36),"",'Datos de Ensayos'!J36)
B138: =IF(ISBLANK('Datos de Ensayos'!E36),"",'Datos de Ensayos'!E36) | C138: =IF(ISBLANK('Datos de Ensayos'!F36),"",'Datos de Ensayos'!F36) | D138: =IF(ISBLANK('Datos de Ensayos'!G36),"",'Datos de Ensayos'!G36) | E138: =IF(ISBLANK('Datos de Ensayos'!H36),"",'Datos de Ensayos'!H36) | F138: =IF(ISBLANK('Datos de Ensayos'!I36),"",'Datos de Ensayos'!I36)
A139: =IF(ISBLANK('Datos de Ensayos'!D37),"",'Datos de Ensayos'!D37) | B139: =IF(ISBLANK('Datos de Ensayos'!E37),"",'Datos de Ensayos'!E37) | C139: =IF(ISBLANK('Datos de Ensayos'!F37),"",'Datos de Ensayos'!F37) | D139: =IF(ISBLANK('Datos de Ensayos'!G37),"",'Datos de Ensayos'!G37) | E139: =IF(ISBLANK('Datos de Ensayos'!H37),"",'Datos de Ensayos'!H37) | F139: =IF(ISBLANK('Datos de Ensayos'!I37),"",'Datos de Ensayos'!I37) | G139: =IF(ISBLANK('Datos de Ensayos'!J37),"",'Datos de Ensayos'!J37)
B140: ='Datos de Ensayos'!E38
A141: =IF(ISBLANK('Datos de Ensayos'!D39),"",'Datos de Ensayos'!D39) | C141: ='Datos de Ensayos'!F39 | G141: =IF(ISBLANK('Datos de Ensayos'!J39),"",'Datos de Ensayos'!J39)
B143: ='Datos de Ensayos'!E41
A144: =IF(ISBLANK('Datos de Ensayos'!D42),"",'Datos de Ensayos'!D42) | B144: =IF(ISBLANK('Datos de Ensayos'!E42),"",'Datos de Ensayos'!E42) | C144: =IF(ISBLANK('Datos de Ensayos'!F42),"",'Datos de Ensayos'!F42) | D144: =IF(ISBLANK('Datos de Ensayos'!G42),"",'Datos de Ensayos'!G42) | E144: =IF(ISBLANK('Datos de Ensayos'!H42),"",'Datos de Ensayos'!H42) | F144: =IF(ISBLANK('Datos de Ensayos'!I42),"",'Datos de Ensayos'!I42) | G144: =IF(ISBLANK('Datos de Ensayos'!J42),"",'Datos de Ensayos'!J42)
...
